INSERT INTO users (user_id, username, password) VALUES (1, 'admin', 'admin');
INSERT INTO users (user_id, username, password) VALUES (2, 'emanuele', 'pw');
INSERT INTO users (user_id, username, password) VALUES (3, 'arik', 'pw');
INSERT INTO users (user_id, username, password) VALUES (4, 'luca', 'pw');
INSERT INTO users (user_id, username, password) VALUES (5, 'bedri', 'pw');
INSERT INTO users (user_id, username, password) VALUES (6, 'peter', 'pw');
INSERT INTO users (user_id, username, password) VALUES (7, 'david', 'pw');
INSERT INTO users (user_id, username, password) VALUES (8, 'dani', 'pw');
INSERT INTO users (user_id, username, password) VALUES (9, 'savino', 'pw');
INSERT INTO users (user_id, username, password) VALUES (10, 'markus', 'pw');


INSERT INTO receipts (receipt_id, upload_week, user_id) VALUES (1, 0, 5);
INSERT INTO items (name, price, amount, gwp, receipt_id) VALUES ('Protein-Stick', 20, 1, 31.99, 1);
INSERT INTO items (name, price, amount, gwp, receipt_id) VALUES ('Oliven', 20, 1, 39.16, 1);
INSERT INTO items (name, price, amount, gwp, receipt_id) VALUES ('Protein-Stick', 1, 1, 73.34, 1);
INSERT INTO receipts (receipt_id, upload_week, user_id) VALUES (2, 0, 8);
INSERT INTO items (name, price, amount, gwp, receipt_id) VALUES ('Tomaten', 0, 1, 35.52, 2);
INSERT INTO items (name, price, amount, gwp, receipt_id) VALUES ('Bio Avocado', 13, 1, 82.48, 2);
INSERT INTO items (name, price, amount, gwp, receipt_id) VALUES ('Reisgetränk', 15, 1, 40.39, 2);
INSERT INTO receipts (receipt_id, upload_week, user_id) VALUES (3, 0, 9);
INSERT INTO items (name, price, amount, gwp, receipt_id) VALUES ('Schnitzel', 20, 1, 15.44, 3);
INSERT INTO items (name, price, amount, gwp, receipt_id) VALUES ('Schnitzel', 9, 1, 81.29, 3);
INSERT INTO items (name, price, amount, gwp, receipt_id) VALUES ('Oliven', 0, 1, 34.74, 3);
INSERT INTO receipts (receipt_id, upload_week, user_id) VALUES (4, 0, 7);
INSERT INTO items (name, price, amount, gwp, receipt_id) VALUES ('Tomaten', 1, 1, 44.31, 4);
INSERT INTO items (name, price, amount, gwp, receipt_id) VALUES ('Oliven', 8, 1, 36.56, 4);
INSERT INTO items (name, price, amount, gwp, receipt_id) VALUES ('Bio Avocado', 3, 1, 49.57, 4);
INSERT INTO receipts (receipt_id, upload_week, user_id) VALUES (5, 0, 7);
INSERT INTO items (name, price, amount, gwp, receipt_id) VALUES ('Protein-Stick', 1, 1, 29.06, 5);
INSERT INTO items (name, price, amount, gwp, receipt_id) VALUES ('Protein-Stick', 1, 1, 35.09, 5);
INSERT INTO items (name, price, amount, gwp, receipt_id) VALUES ('Protein-Stick', 13, 1, 27.10, 5);
INSERT INTO receipts (receipt_id, upload_week, user_id) VALUES (6, 0, 9);
INSERT INTO items (name, price, amount, gwp, receipt_id) VALUES ('Reisgetränk', 11, 1, 72.62, 6);
INSERT INTO items (name, price, amount, gwp, receipt_id) VALUES ('Oliven', 3, 1, 67.92, 6);
INSERT INTO items (name, price, amount, gwp, receipt_id) VALUES ('Bio Avocado', 15, 1, 58.60, 6);
INSERT INTO receipts (receipt_id, upload_week, user_id) VALUES (7, 0, 9);
INSERT INTO items (name, price, amount, gwp, receipt_id) VALUES ('Tomaten', 4, 1, 75.66, 7);
INSERT INTO items (name, price, amount, gwp, receipt_id) VALUES ('Tomaten', 12, 1, 50.23, 7);
INSERT INTO items (name, price, amount, gwp, receipt_id) VALUES ('Schnitzel', 3, 1, 6.51, 7);
INSERT INTO receipts (receipt_id, upload_week, user_id) VALUES (8, 0, 2);
INSERT INTO items (name, price, amount, gwp, receipt_id) VALUES ('Bio Avocado', 13, 1, 87.18, 8);
INSERT INTO items (name, price, amount, gwp, receipt_id) VALUES ('Protein-Stick', 16, 1, 16.47, 8);
INSERT INTO items (name, price, amount, gwp, receipt_id) VALUES ('Bio Avocado', 2, 1, 20.63, 8);
INSERT INTO receipts (receipt_id, upload_week, user_id) VALUES (9, 0, 1);
INSERT INTO items (name, price, amount, gwp, receipt_id) VALUES ('Schnitzel', 16, 1, 74.14, 9);
INSERT INTO items (name, price, amount, gwp, receipt_id) VALUES ('Bio Avocado', 4, 1, 8.21, 9);
INSERT INTO items (name, price, amount, gwp, receipt_id) VALUES ('Protein-Stick', 12, 1, 19.67, 9);
INSERT INTO receipts (receipt_id, upload_week, user_id) VALUES (10, 1, 7);
INSERT INTO items (name, price, amount, gwp, receipt_id) VALUES ('Oliven', 18, 1, 56.12, 10);
INSERT INTO items (name, price, amount, gwp, receipt_id) VALUES ('Schnitzel', 7, 1, 42.49, 10);
INSERT INTO items (name, price, amount, gwp, receipt_id) VALUES ('Tomaten', 19, 1, 52.89, 10);
INSERT INTO receipts (receipt_id, upload_week, user_id) VALUES (11, 1, 5);
INSERT INTO items (name, price, amount, gwp, receipt_id) VALUES ('Bio Avocado', 5, 1, 80.74, 11);
INSERT INTO items (name, price, amount, gwp, receipt_id) VALUES ('Reisgetränk', 12, 1, 42.70, 11);
INSERT INTO items (name, price, amount, gwp, receipt_id) VALUES ('Tomaten', 17, 1, 30.08, 11);
INSERT INTO receipts (receipt_id, upload_week, user_id) VALUES (12, 1, 6);
INSERT INTO items (name, price, amount, gwp, receipt_id) VALUES ('Bio Avocado', 10, 1, 54.39, 12);
INSERT INTO items (name, price, amount, gwp, receipt_id) VALUES ('Protein-Stick', 19, 1, 19.25, 12);
INSERT INTO items (name, price, amount, gwp, receipt_id) VALUES ('Oliven', 12, 1, 29.69, 12);
INSERT INTO receipts (receipt_id, upload_week, user_id) VALUES (13, 1, 7);
INSERT INTO items (name, price, amount, gwp, receipt_id) VALUES ('Schnitzel', 13, 1, 56.74, 13);
INSERT INTO items (name, price, amount, gwp, receipt_id) VALUES ('Bio Avocado', 6, 1, 50.55, 13);
INSERT INTO items (name, price, amount, gwp, receipt_id) VALUES ('Reisgetränk', 9, 1, 52.48, 13);
INSERT INTO receipts (receipt_id, upload_week, user_id) VALUES (14, 1, 3);
INSERT INTO items (name, price, amount, gwp, receipt_id) VALUES ('Bio Avocado', 9, 1, 5.89, 14);
INSERT INTO items (name, price, amount, gwp, receipt_id) VALUES ('Schnitzel', 20, 1, 86.48, 14);
INSERT INTO items (name, price, amount, gwp, receipt_id) VALUES ('Bio Avocado', 17, 1, 20.25, 14);
INSERT INTO receipts (receipt_id, upload_week, user_id) VALUES (15, 1, 2);
INSERT INTO items (name, price, amount, gwp, receipt_id) VALUES ('Protein-Stick', 17, 1, 74.65, 15);
INSERT INTO items (name, price, amount, gwp, receipt_id) VALUES ('Protein-Stick', 7, 1, 36.87, 15);
INSERT INTO items (name, price, amount, gwp, receipt_id) VALUES ('Schnitzel', 1, 1, 57.95, 15);
INSERT INTO receipts (receipt_id, upload_week, user_id) VALUES (16, 1, 8);
INSERT INTO items (name, price, amount, gwp, receipt_id) VALUES ('Reisgetränk', 16, 1, 55.50, 16);
INSERT INTO items (name, price, amount, gwp, receipt_id) VALUES ('Protein-Stick', 8, 1, 2.08, 16);
INSERT INTO items (name, price, amount, gwp, receipt_id) VALUES ('Schnitzel', 19, 1, 3.70, 16);
INSERT INTO receipts (receipt_id, upload_week, user_id) VALUES (17, 1, 10);
INSERT INTO items (name, price, amount, gwp, receipt_id) VALUES ('Schnitzel', 14, 1, 73.42, 17);
INSERT INTO items (name, price, amount, gwp, receipt_id) VALUES ('Protein-Stick', 15, 1, 63.10, 17);
INSERT INTO items (name, price, amount, gwp, receipt_id) VALUES ('Schnitzel', 1, 1, 89.52, 17);
INSERT INTO receipts (receipt_id, upload_week, user_id) VALUES (18, 1, 8);
INSERT INTO items (name, price, amount, gwp, receipt_id) VALUES ('Bio Avocado', 16, 1, 81.43, 18);
INSERT INTO items (name, price, amount, gwp, receipt_id) VALUES ('Reisgetränk', 10, 1, 45.21, 18);
INSERT INTO items (name, price, amount, gwp, receipt_id) VALUES ('Schnitzel', 2, 1, 28.30, 18);
INSERT INTO receipts (receipt_id, upload_week, user_id) VALUES (19, 1, 4);
INSERT INTO items (name, price, amount, gwp, receipt_id) VALUES ('Tomaten', 0, 1, 8.39, 19);
INSERT INTO items (name, price, amount, gwp, receipt_id) VALUES ('Schnitzel', 10, 1, 30.45, 19);
INSERT INTO items (name, price, amount, gwp, receipt_id) VALUES ('Bio Avocado', 18, 1, 5.25, 19);
INSERT INTO receipts (receipt_id, upload_week, user_id) VALUES (20, 1, 1);
INSERT INTO items (name, price, amount, gwp, receipt_id) VALUES ('Bio Avocado', 7, 1, 53.54, 20);
INSERT INTO items (name, price, amount, gwp, receipt_id) VALUES ('Schnitzel', 11, 1, 63.32, 20);
INSERT INTO items (name, price, amount, gwp, receipt_id) VALUES ('Reisgetränk', 17, 1, 64.61, 20);
INSERT INTO receipts (receipt_id, upload_week, user_id) VALUES (21, 2, 9);
INSERT INTO items (name, price, amount, gwp, receipt_id) VALUES ('Oliven', 17, 1, 25.07, 21);
INSERT INTO items (name, price, amount, gwp, receipt_id) VALUES ('Schnitzel', 8, 1, 24.14, 21);
INSERT INTO items (name, price, amount, gwp, receipt_id) VALUES ('Schnitzel', 9, 1, 10.27, 21);
INSERT INTO receipts (receipt_id, upload_week, user_id) VALUES (22, 2, 7);
INSERT INTO items (name, price, amount, gwp, receipt_id) VALUES ('Reisgetränk', 16, 1, 68.18, 22);
INSERT INTO items (name, price, amount, gwp, receipt_id) VALUES ('Protein-Stick', 18, 1, 79.42, 22);
INSERT INTO items (name, price, amount, gwp, receipt_id) VALUES ('Oliven', 11, 1, 60.26, 22);
INSERT INTO receipts (receipt_id, upload_week, user_id) VALUES (23, 2, 2);
INSERT INTO items (name, price, amount, gwp, receipt_id) VALUES ('Reisgetränk', 9, 1, 18.17, 23);
INSERT INTO items (name, price, amount, gwp, receipt_id) VALUES ('Bio Avocado', 18, 1, 68.40, 23);
INSERT INTO items (name, price, amount, gwp, receipt_id) VALUES ('Reisgetränk', 0, 1, 84.34, 23);
INSERT INTO receipts (receipt_id, upload_week, user_id) VALUES (24, 2, 3);
INSERT INTO items (name, price, amount, gwp, receipt_id) VALUES ('Bio Avocado', 13, 1, 3.40, 24);
INSERT INTO items (name, price, amount, gwp, receipt_id) VALUES ('Schnitzel', 8, 1, 24.53, 24);
INSERT INTO items (name, price, amount, gwp, receipt_id) VALUES ('Protein-Stick', 15, 1, 39.32, 24);
INSERT INTO receipts (receipt_id, upload_week, user_id) VALUES (25, 2, 4);
INSERT INTO items (name, price, amount, gwp, receipt_id) VALUES ('Oliven', 6, 1, 33.26, 25);
INSERT INTO items (name, price, amount, gwp, receipt_id) VALUES ('Protein-Stick', 17, 1, 71.54, 25);
INSERT INTO items (name, price, amount, gwp, receipt_id) VALUES ('Tomaten', 9, 1, 21.63, 25);
INSERT INTO receipts (receipt_id, upload_week, user_id) VALUES (26, 2, 4);
INSERT INTO items (name, price, amount, gwp, receipt_id) VALUES ('Tomaten', 18, 1, 32.85, 26);
INSERT INTO items (name, price, amount, gwp, receipt_id) VALUES ('Tomaten', 5, 1, 48.56, 26);
INSERT INTO items (name, price, amount, gwp, receipt_id) VALUES ('Tomaten', 20, 1, 69.92, 26);
INSERT INTO receipts (receipt_id, upload_week, user_id) VALUES (27, 2, 3);
INSERT INTO items (name, price, amount, gwp, receipt_id) VALUES ('Tomaten', 17, 1, 76.13, 27);
INSERT INTO items (name, price, amount, gwp, receipt_id) VALUES ('Bio Avocado', 19, 1, 65.99, 27);
INSERT INTO items (name, price, amount, gwp, receipt_id) VALUES ('Protein-Stick', 15, 1, 7.41, 27);
INSERT INTO receipts (receipt_id, upload_week, user_id) VALUES (28, 2, 6);
INSERT INTO items (name, price, amount, gwp, receipt_id) VALUES ('Reisgetränk', 16, 1, 63.14, 28);
INSERT INTO items (name, price, amount, gwp, receipt_id) VALUES ('Schnitzel', 3, 1, 38.36, 28);
INSERT INTO items (name, price, amount, gwp, receipt_id) VALUES ('Schnitzel', 8, 1, 72.41, 28);
INSERT INTO receipts (receipt_id, upload_week, user_id) VALUES (29, 2, 3);
INSERT INTO items (name, price, amount, gwp, receipt_id) VALUES ('Protein-Stick', 18, 1, 16.96, 29);
INSERT INTO items (name, price, amount, gwp, receipt_id) VALUES ('Reisgetränk', 8, 1, 36.62, 29);
INSERT INTO items (name, price, amount, gwp, receipt_id) VALUES ('Schnitzel', 11, 1, 53.28, 29);
INSERT INTO receipts (receipt_id, upload_week, user_id) VALUES (30, 2, 1);
INSERT INTO items (name, price, amount, gwp, receipt_id) VALUES ('Schnitzel', 2, 1, 21.34, 30);
INSERT INTO items (name, price, amount, gwp, receipt_id) VALUES ('Oliven', 19, 1, 47.11, 30);
INSERT INTO items (name, price, amount, gwp, receipt_id) VALUES ('Oliven', 15, 1, 22.61, 30);
INSERT INTO receipts (receipt_id, upload_week, user_id) VALUES (31, 3, 6);
INSERT INTO items (name, price, amount, gwp, receipt_id) VALUES ('Schnitzel', 7, 1, 1.42, 31);
INSERT INTO items (name, price, amount, gwp, receipt_id) VALUES ('Schnitzel', 3, 1, 72.88, 31);
INSERT INTO items (name, price, amount, gwp, receipt_id) VALUES ('Tomaten', 20, 1, 51.84, 31);
INSERT INTO receipts (receipt_id, upload_week, user_id) VALUES (32, 3, 3);
INSERT INTO items (name, price, amount, gwp, receipt_id) VALUES ('Oliven', 17, 1, 21.64, 32);
INSERT INTO items (name, price, amount, gwp, receipt_id) VALUES ('Tomaten', 15, 1, 55.41, 32);
INSERT INTO items (name, price, amount, gwp, receipt_id) VALUES ('Bio Avocado', 13, 1, 40.67, 32);
INSERT INTO receipts (receipt_id, upload_week, user_id) VALUES (33, 3, 3);
INSERT INTO items (name, price, amount, gwp, receipt_id) VALUES ('Oliven', 9, 1, 28.62, 33);
INSERT INTO items (name, price, amount, gwp, receipt_id) VALUES ('Protein-Stick', 8, 1, 8.68, 33);
INSERT INTO items (name, price, amount, gwp, receipt_id) VALUES ('Reisgetränk', 7, 1, 55.02, 33);
INSERT INTO receipts (receipt_id, upload_week, user_id) VALUES (34, 3, 5);
INSERT INTO items (name, price, amount, gwp, receipt_id) VALUES ('Tomaten', 4, 1, 34.23, 34);
INSERT INTO items (name, price, amount, gwp, receipt_id) VALUES ('Tomaten', 3, 1, 26.08, 34);
INSERT INTO items (name, price, amount, gwp, receipt_id) VALUES ('Tomaten', 6, 1, 61.35, 34);
INSERT INTO receipts (receipt_id, upload_week, user_id) VALUES (35, 3, 9);
INSERT INTO items (name, price, amount, gwp, receipt_id) VALUES ('Protein-Stick', 1, 1, 81.99, 35);
INSERT INTO items (name, price, amount, gwp, receipt_id) VALUES ('Tomaten', 20, 1, 27.23, 35);
INSERT INTO items (name, price, amount, gwp, receipt_id) VALUES ('Oliven', 15, 1, 81.97, 35);
INSERT INTO receipts (receipt_id, upload_week, user_id) VALUES (36, 3, 4);
INSERT INTO items (name, price, amount, gwp, receipt_id) VALUES ('Schnitzel', 2, 1, 64.45, 36);
INSERT INTO items (name, price, amount, gwp, receipt_id) VALUES ('Schnitzel', 20, 1, 72.39, 36);
INSERT INTO items (name, price, amount, gwp, receipt_id) VALUES ('Protein-Stick', 4, 1, 73.27, 36);
INSERT INTO receipts (receipt_id, upload_week, user_id) VALUES (37, 3, 10);
INSERT INTO items (name, price, amount, gwp, receipt_id) VALUES ('Reisgetränk', 10, 1, 70.61, 37);
INSERT INTO items (name, price, amount, gwp, receipt_id) VALUES ('Tomaten', 16, 1, 52.55, 37);
INSERT INTO items (name, price, amount, gwp, receipt_id) VALUES ('Protein-Stick', 9, 1, 28.90, 37);
INSERT INTO receipts (receipt_id, upload_week, user_id) VALUES (38, 3, 2);
INSERT INTO items (name, price, amount, gwp, receipt_id) VALUES ('Reisgetränk', 5, 1, 81.00, 38);
INSERT INTO items (name, price, amount, gwp, receipt_id) VALUES ('Schnitzel', 4, 1, 57.77, 38);
INSERT INTO items (name, price, amount, gwp, receipt_id) VALUES ('Oliven', 3, 1, 37.16, 38);
INSERT INTO receipts (receipt_id, upload_week, user_id) VALUES (39, 3, 2);
INSERT INTO items (name, price, amount, gwp, receipt_id) VALUES ('Schnitzel', 0, 1, 49.19, 39);
INSERT INTO items (name, price, amount, gwp, receipt_id) VALUES ('Protein-Stick', 19, 1, 85.33, 39);
INSERT INTO items (name, price, amount, gwp, receipt_id) VALUES ('Oliven', 13, 1, 18.25, 39);
INSERT INTO receipts (receipt_id, upload_week, user_id) VALUES (40, 3, 6);
INSERT INTO items (name, price, amount, gwp, receipt_id) VALUES ('Oliven', 3, 1, 6.41, 40);
INSERT INTO items (name, price, amount, gwp, receipt_id) VALUES ('Schnitzel', 7, 1, 29.16, 40);
INSERT INTO items (name, price, amount, gwp, receipt_id) VALUES ('Oliven', 16, 1, 6.68, 40);
INSERT INTO receipts (receipt_id, upload_week, user_id) VALUES (41, 3, 1);
INSERT INTO items (name, price, amount, gwp, receipt_id) VALUES ('Protein-Stick', 9, 1, 77.58, 41);
INSERT INTO items (name, price, amount, gwp, receipt_id) VALUES ('Schnitzel', 18, 1, 78.86, 41);
INSERT INTO items (name, price, amount, gwp, receipt_id) VALUES ('Oliven', 10, 1, 16.42, 41);
INSERT INTO receipts (receipt_id, upload_week, user_id) VALUES (42, 4, 7);
INSERT INTO items (name, price, amount, gwp, receipt_id) VALUES ('Reisgetränk', 11, 1, 10.13, 42);
INSERT INTO items (name, price, amount, gwp, receipt_id) VALUES ('Tomaten', 0, 1, 25.41, 42);
INSERT INTO items (name, price, amount, gwp, receipt_id) VALUES ('Protein-Stick', 1, 1, 13.33, 42);
INSERT INTO receipts (receipt_id, upload_week, user_id) VALUES (43, 4, 2);
INSERT INTO items (name, price, amount, gwp, receipt_id) VALUES ('Protein-Stick', 14, 1, 42.54, 43);
INSERT INTO items (name, price, amount, gwp, receipt_id) VALUES ('Reisgetränk', 17, 1, 13.60, 43);
INSERT INTO items (name, price, amount, gwp, receipt_id) VALUES ('Tomaten', 5, 1, 55.85, 43);
INSERT INTO receipts (receipt_id, upload_week, user_id) VALUES (44, 4, 8);
INSERT INTO items (name, price, amount, gwp, receipt_id) VALUES ('Reisgetränk', 11, 1, 39.49, 44);
INSERT INTO items (name, price, amount, gwp, receipt_id) VALUES ('Schnitzel', 8, 1, 49.02, 44);
INSERT INTO items (name, price, amount, gwp, receipt_id) VALUES ('Tomaten', 17, 1, 60.69, 44);
INSERT INTO receipts (receipt_id, upload_week, user_id) VALUES (45, 4, 7);
INSERT INTO items (name, price, amount, gwp, receipt_id) VALUES ('Protein-Stick', 8, 1, 30.22, 45);
INSERT INTO items (name, price, amount, gwp, receipt_id) VALUES ('Tomaten', 10, 1, 8.16, 45);
INSERT INTO items (name, price, amount, gwp, receipt_id) VALUES ('Schnitzel', 18, 1, 71.37, 45);
INSERT INTO receipts (receipt_id, upload_week, user_id) VALUES (46, 4, 8);
INSERT INTO items (name, price, amount, gwp, receipt_id) VALUES ('Tomaten', 10, 1, 76.25, 46);
INSERT INTO items (name, price, amount, gwp, receipt_id) VALUES ('Protein-Stick', 3, 1, 68.15, 46);
INSERT INTO items (name, price, amount, gwp, receipt_id) VALUES ('Reisgetränk', 8, 1, 71.30, 46);
INSERT INTO receipts (receipt_id, upload_week, user_id) VALUES (47, 4, 10);
INSERT INTO items (name, price, amount, gwp, receipt_id) VALUES ('Reisgetränk', 17, 1, 83.95, 47);
INSERT INTO items (name, price, amount, gwp, receipt_id) VALUES ('Tomaten', 7, 1, 76.30, 47);
INSERT INTO items (name, price, amount, gwp, receipt_id) VALUES ('Tomaten', 1, 1, 23.97, 47);
INSERT INTO receipts (receipt_id, upload_week, user_id) VALUES (48, 4, 9);
INSERT INTO items (name, price, amount, gwp, receipt_id) VALUES ('Tomaten', 17, 1, 47.17, 48);
INSERT INTO items (name, price, amount, gwp, receipt_id) VALUES ('Schnitzel', 11, 1, 0.17, 48);
INSERT INTO items (name, price, amount, gwp, receipt_id) VALUES ('Schnitzel', 3, 1, 62.01, 48);
INSERT INTO receipts (receipt_id, upload_week, user_id) VALUES (49, 4, 6);
INSERT INTO items (name, price, amount, gwp, receipt_id) VALUES ('Protein-Stick', 13, 1, 74.43, 49);
INSERT INTO items (name, price, amount, gwp, receipt_id) VALUES ('Protein-Stick', 12, 1, 40.52, 49);
INSERT INTO items (name, price, amount, gwp, receipt_id) VALUES ('Bio Avocado', 4, 1, 71.07, 49);
INSERT INTO receipts (receipt_id, upload_week, user_id) VALUES (50, 4, 1);
INSERT INTO items (name, price, amount, gwp, receipt_id) VALUES ('Reisgetränk', 1, 1, 39.55, 50);
INSERT INTO items (name, price, amount, gwp, receipt_id) VALUES ('Bio Avocado', 11, 1, 44.87, 50);
INSERT INTO items (name, price, amount, gwp, receipt_id) VALUES ('Protein-Stick', 0, 1, 43.56, 50);
INSERT INTO receipts (receipt_id, upload_week, user_id) VALUES (51, 5, 3);
INSERT INTO items (name, price, amount, gwp, receipt_id) VALUES ('Schnitzel', 5, 1, 38.04, 51);
INSERT INTO items (name, price, amount, gwp, receipt_id) VALUES ('Oliven', 1, 1, 39.39, 51);
INSERT INTO items (name, price, amount, gwp, receipt_id) VALUES ('Protein-Stick', 8, 1, 26.46, 51);
INSERT INTO receipts (receipt_id, upload_week, user_id) VALUES (52, 5, 10);
INSERT INTO items (name, price, amount, gwp, receipt_id) VALUES ('Oliven', 16, 1, 87.94, 52);
INSERT INTO items (name, price, amount, gwp, receipt_id) VALUES ('Tomaten', 10, 1, 31.27, 52);
INSERT INTO items (name, price, amount, gwp, receipt_id) VALUES ('Oliven', 2, 1, 66.53, 52);
INSERT INTO receipts (receipt_id, upload_week, user_id) VALUES (53, 5, 6);
INSERT INTO items (name, price, amount, gwp, receipt_id) VALUES ('Reisgetränk', 8, 1, 50.04, 53);
INSERT INTO items (name, price, amount, gwp, receipt_id) VALUES ('Protein-Stick', 15, 1, 14.37, 53);
INSERT INTO items (name, price, amount, gwp, receipt_id) VALUES ('Tomaten', 5, 1, 79.24, 53);
INSERT INTO receipts (receipt_id, upload_week, user_id) VALUES (54, 5, 10);
INSERT INTO items (name, price, amount, gwp, receipt_id) VALUES ('Protein-Stick', 15, 1, 85.52, 54);
INSERT INTO items (name, price, amount, gwp, receipt_id) VALUES ('Schnitzel', 0, 1, 43.79, 54);
INSERT INTO items (name, price, amount, gwp, receipt_id) VALUES ('Oliven', 17, 1, 27.68, 54);
INSERT INTO receipts (receipt_id, upload_week, user_id) VALUES (55, 5, 2);
INSERT INTO items (name, price, amount, gwp, receipt_id) VALUES ('Bio Avocado', 0, 1, 32.63, 55);
INSERT INTO items (name, price, amount, gwp, receipt_id) VALUES ('Protein-Stick', 1, 1, 17.60, 55);
INSERT INTO items (name, price, amount, gwp, receipt_id) VALUES ('Protein-Stick', 0, 1, 8.31, 55);
INSERT INTO receipts (receipt_id, upload_week, user_id) VALUES (56, 5, 5);
INSERT INTO items (name, price, amount, gwp, receipt_id) VALUES ('Tomaten', 15, 1, 68.83, 56);
INSERT INTO items (name, price, amount, gwp, receipt_id) VALUES ('Schnitzel', 19, 1, 4.22, 56);
INSERT INTO items (name, price, amount, gwp, receipt_id) VALUES ('Tomaten', 3, 1, 85.18, 56);
INSERT INTO receipts (receipt_id, upload_week, user_id) VALUES (57, 5, 7);
INSERT INTO items (name, price, amount, gwp, receipt_id) VALUES ('Reisgetränk', 7, 1, 42.70, 57);
INSERT INTO items (name, price, amount, gwp, receipt_id) VALUES ('Schnitzel', 6, 1, 42.01, 57);
INSERT INTO items (name, price, amount, gwp, receipt_id) VALUES ('Schnitzel', 11, 1, 32.72, 57);
INSERT INTO receipts (receipt_id, upload_week, user_id) VALUES (58, 5, 8);
INSERT INTO items (name, price, amount, gwp, receipt_id) VALUES ('Oliven', 12, 1, 69.84, 58);
INSERT INTO items (name, price, amount, gwp, receipt_id) VALUES ('Protein-Stick', 9, 1, 59.93, 58);
INSERT INTO items (name, price, amount, gwp, receipt_id) VALUES ('Oliven', 5, 1, 88.07, 58);
INSERT INTO receipts (receipt_id, upload_week, user_id) VALUES (59, 5, 2);
INSERT INTO items (name, price, amount, gwp, receipt_id) VALUES ('Schnitzel', 17, 1, 56.72, 59);
INSERT INTO items (name, price, amount, gwp, receipt_id) VALUES ('Reisgetränk', 10, 1, 87.84, 59);
INSERT INTO items (name, price, amount, gwp, receipt_id) VALUES ('Bio Avocado', 18, 1, 18.95, 59);
INSERT INTO receipts (receipt_id, upload_week, user_id) VALUES (60, 5, 1);
INSERT INTO items (name, price, amount, gwp, receipt_id) VALUES ('Oliven', 19, 1, 21.59, 60);
INSERT INTO items (name, price, amount, gwp, receipt_id) VALUES ('Schnitzel', 20, 1, 15.61, 60);
INSERT INTO items (name, price, amount, gwp, receipt_id) VALUES ('Oliven', 12, 1, 25.72, 60);
INSERT INTO receipts (receipt_id, upload_week, user_id) VALUES (61, 6, 10);
INSERT INTO items (name, price, amount, gwp, receipt_id) VALUES ('Oliven', 1, 1, 55.83, 61);
INSERT INTO items (name, price, amount, gwp, receipt_id) VALUES ('Schnitzel', 18, 1, 59.95, 61);
INSERT INTO items (name, price, amount, gwp, receipt_id) VALUES ('Schnitzel', 11, 1, 74.99, 61);
INSERT INTO receipts (receipt_id, upload_week, user_id) VALUES (62, 6, 8);
INSERT INTO items (name, price, amount, gwp, receipt_id) VALUES ('Reisgetränk', 4, 1, 72.64, 62);
INSERT INTO items (name, price, amount, gwp, receipt_id) VALUES ('Protein-Stick', 9, 1, 0.02, 62);
INSERT INTO items (name, price, amount, gwp, receipt_id) VALUES ('Tomaten', 11, 1, 20.59, 62);
INSERT INTO receipts (receipt_id, upload_week, user_id) VALUES (63, 6, 5);
INSERT INTO items (name, price, amount, gwp, receipt_id) VALUES ('Reisgetränk', 2, 1, 68.61, 63);
INSERT INTO items (name, price, amount, gwp, receipt_id) VALUES ('Protein-Stick', 19, 1, 9.94, 63);
INSERT INTO items (name, price, amount, gwp, receipt_id) VALUES ('Reisgetränk', 7, 1, 24.72, 63);
INSERT INTO receipts (receipt_id, upload_week, user_id) VALUES (64, 6, 8);
INSERT INTO items (name, price, amount, gwp, receipt_id) VALUES ('Schnitzel', 0, 1, 41.90, 64);
INSERT INTO items (name, price, amount, gwp, receipt_id) VALUES ('Schnitzel', 11, 1, 80.62, 64);
INSERT INTO items (name, price, amount, gwp, receipt_id) VALUES ('Oliven', 10, 1, 67.47, 64);
INSERT INTO receipts (receipt_id, upload_week, user_id) VALUES (65, 6, 7);
INSERT INTO items (name, price, amount, gwp, receipt_id) VALUES ('Oliven', 5, 1, 38.02, 65);
INSERT INTO items (name, price, amount, gwp, receipt_id) VALUES ('Tomaten', 18, 1, 55.07, 65);
INSERT INTO items (name, price, amount, gwp, receipt_id) VALUES ('Bio Avocado', 3, 1, 48.46, 65);
INSERT INTO receipts (receipt_id, upload_week, user_id) VALUES (66, 6, 5);
INSERT INTO items (name, price, amount, gwp, receipt_id) VALUES ('Oliven', 12, 1, 2.33, 66);
INSERT INTO items (name, price, amount, gwp, receipt_id) VALUES ('Oliven', 0, 1, 38.83, 66);
INSERT INTO items (name, price, amount, gwp, receipt_id) VALUES ('Tomaten', 13, 1, 22.12, 66);
INSERT INTO receipts (receipt_id, upload_week, user_id) VALUES (67, 6, 2);
INSERT INTO items (name, price, amount, gwp, receipt_id) VALUES ('Schnitzel', 20, 1, 60.13, 67);
INSERT INTO items (name, price, amount, gwp, receipt_id) VALUES ('Reisgetränk', 7, 1, 30.97, 67);
INSERT INTO items (name, price, amount, gwp, receipt_id) VALUES ('Tomaten', 7, 1, 57.81, 67);
INSERT INTO receipts (receipt_id, upload_week, user_id) VALUES (68, 6, 4);
INSERT INTO items (name, price, amount, gwp, receipt_id) VALUES ('Reisgetränk', 14, 1, 75.35, 68);
INSERT INTO items (name, price, amount, gwp, receipt_id) VALUES ('Protein-Stick', 1, 1, 39.04, 68);
INSERT INTO items (name, price, amount, gwp, receipt_id) VALUES ('Oliven', 0, 1, 25.37, 68);
INSERT INTO receipts (receipt_id, upload_week, user_id) VALUES (69, 6, 9);
INSERT INTO items (name, price, amount, gwp, receipt_id) VALUES ('Bio Avocado', 14, 1, 76.18, 69);
INSERT INTO items (name, price, amount, gwp, receipt_id) VALUES ('Bio Avocado', 5, 1, 3.98, 69);
INSERT INTO items (name, price, amount, gwp, receipt_id) VALUES ('Protein-Stick', 6, 1, 50.42, 69);
INSERT INTO receipts (receipt_id, upload_week, user_id) VALUES (70, 6, 1);
INSERT INTO items (name, price, amount, gwp, receipt_id) VALUES ('Schnitzel', 18, 1, 52.64, 70);
INSERT INTO items (name, price, amount, gwp, receipt_id) VALUES ('Tomaten', 17, 1, 27.58, 70);
INSERT INTO items (name, price, amount, gwp, receipt_id) VALUES ('Reisgetränk', 3, 1, 75.86, 70);
INSERT INTO receipts (receipt_id, upload_week, user_id) VALUES (71, 7, 10);
INSERT INTO items (name, price, amount, gwp, receipt_id) VALUES ('Reisgetränk', 0, 1, 37.66, 71);
INSERT INTO items (name, price, amount, gwp, receipt_id) VALUES ('Schnitzel', 19, 1, 43.22, 71);
INSERT INTO items (name, price, amount, gwp, receipt_id) VALUES ('Bio Avocado', 2, 1, 19.58, 71);
INSERT INTO receipts (receipt_id, upload_week, user_id) VALUES (72, 7, 5);
INSERT INTO items (name, price, amount, gwp, receipt_id) VALUES ('Reisgetränk', 15, 1, 67.53, 72);
INSERT INTO items (name, price, amount, gwp, receipt_id) VALUES ('Tomaten', 6, 1, 2.94, 72);
INSERT INTO items (name, price, amount, gwp, receipt_id) VALUES ('Oliven', 11, 1, 19.21, 72);
INSERT INTO receipts (receipt_id, upload_week, user_id) VALUES (73, 7, 3);
INSERT INTO items (name, price, amount, gwp, receipt_id) VALUES ('Protein-Stick', 4, 1, 65.64, 73);
INSERT INTO items (name, price, amount, gwp, receipt_id) VALUES ('Oliven', 16, 1, 43.32, 73);
INSERT INTO items (name, price, amount, gwp, receipt_id) VALUES ('Reisgetränk', 5, 1, 43.38, 73);
INSERT INTO receipts (receipt_id, upload_week, user_id) VALUES (74, 7, 3);
INSERT INTO items (name, price, amount, gwp, receipt_id) VALUES ('Schnitzel', 2, 1, 85.05, 74);
INSERT INTO items (name, price, amount, gwp, receipt_id) VALUES ('Protein-Stick', 10, 1, 68.23, 74);
INSERT INTO items (name, price, amount, gwp, receipt_id) VALUES ('Oliven', 2, 1, 51.22, 74);
INSERT INTO receipts (receipt_id, upload_week, user_id) VALUES (75, 7, 9);
INSERT INTO items (name, price, amount, gwp, receipt_id) VALUES ('Bio Avocado', 14, 1, 38.63, 75);
INSERT INTO items (name, price, amount, gwp, receipt_id) VALUES ('Reisgetränk', 14, 1, 5.02, 75);
INSERT INTO items (name, price, amount, gwp, receipt_id) VALUES ('Tomaten', 16, 1, 8.48, 75);
INSERT INTO receipts (receipt_id, upload_week, user_id) VALUES (76, 7, 7);
INSERT INTO items (name, price, amount, gwp, receipt_id) VALUES ('Bio Avocado', 15, 1, 13.86, 76);
INSERT INTO items (name, price, amount, gwp, receipt_id) VALUES ('Protein-Stick', 9, 1, 13.65, 76);
INSERT INTO items (name, price, amount, gwp, receipt_id) VALUES ('Schnitzel', 2, 1, 27.80, 76);
INSERT INTO receipts (receipt_id, upload_week, user_id) VALUES (77, 7, 3);
INSERT INTO items (name, price, amount, gwp, receipt_id) VALUES ('Tomaten', 2, 1, 30.85, 77);
INSERT INTO items (name, price, amount, gwp, receipt_id) VALUES ('Protein-Stick', 0, 1, 82.64, 77);
INSERT INTO items (name, price, amount, gwp, receipt_id) VALUES ('Reisgetränk', 2, 1, 54.06, 77);
INSERT INTO receipts (receipt_id, upload_week, user_id) VALUES (78, 7, 4);
INSERT INTO items (name, price, amount, gwp, receipt_id) VALUES ('Oliven', 3, 1, 37.97, 78);
INSERT INTO items (name, price, amount, gwp, receipt_id) VALUES ('Reisgetränk', 8, 1, 75.73, 78);
INSERT INTO items (name, price, amount, gwp, receipt_id) VALUES ('Protein-Stick', 14, 1, 69.41, 78);
INSERT INTO receipts (receipt_id, upload_week, user_id) VALUES (79, 7, 6);
INSERT INTO items (name, price, amount, gwp, receipt_id) VALUES ('Bio Avocado', 2, 1, 67.14, 79);
INSERT INTO items (name, price, amount, gwp, receipt_id) VALUES ('Tomaten', 20, 1, 59.75, 79);
INSERT INTO items (name, price, amount, gwp, receipt_id) VALUES ('Bio Avocado', 4, 1, 71.11, 79);
INSERT INTO receipts (receipt_id, upload_week, user_id) VALUES (80, 7, 3);
INSERT INTO items (name, price, amount, gwp, receipt_id) VALUES ('Oliven', 10, 1, 33.09, 80);
INSERT INTO items (name, price, amount, gwp, receipt_id) VALUES ('Protein-Stick', 5, 1, 24.76, 80);
INSERT INTO items (name, price, amount, gwp, receipt_id) VALUES ('Tomaten', 9, 1, 27.20, 80);
INSERT INTO receipts (receipt_id, upload_week, user_id) VALUES (81, 7, 1);
INSERT INTO items (name, price, amount, gwp, receipt_id) VALUES ('Schnitzel', 14, 1, 63.64, 81);
INSERT INTO items (name, price, amount, gwp, receipt_id) VALUES ('Schnitzel', 0, 1, 50.22, 81);
INSERT INTO items (name, price, amount, gwp, receipt_id) VALUES ('Protein-Stick', 7, 1, 27.48, 81);
INSERT INTO receipts (receipt_id, upload_week, user_id) VALUES (82, 8, 2);
INSERT INTO items (name, price, amount, gwp, receipt_id) VALUES ('Tomaten', 1, 1, 61.97, 82);
INSERT INTO items (name, price, amount, gwp, receipt_id) VALUES ('Protein-Stick', 1, 1, 41.24, 82);
INSERT INTO items (name, price, amount, gwp, receipt_id) VALUES ('Oliven', 10, 1, 44.93, 82);
INSERT INTO receipts (receipt_id, upload_week, user_id) VALUES (83, 8, 3);
INSERT INTO items (name, price, amount, gwp, receipt_id) VALUES ('Protein-Stick', 19, 1, 53.91, 83);
INSERT INTO items (name, price, amount, gwp, receipt_id) VALUES ('Bio Avocado', 12, 1, 3.71, 83);
INSERT INTO items (name, price, amount, gwp, receipt_id) VALUES ('Bio Avocado', 13, 1, 43.24, 83);
INSERT INTO receipts (receipt_id, upload_week, user_id) VALUES (84, 8, 10);
INSERT INTO items (name, price, amount, gwp, receipt_id) VALUES ('Tomaten', 2, 1, 9.58, 84);
INSERT INTO items (name, price, amount, gwp, receipt_id) VALUES ('Protein-Stick', 6, 1, 80.52, 84);
INSERT INTO items (name, price, amount, gwp, receipt_id) VALUES ('Tomaten', 18, 1, 54.02, 84);
INSERT INTO receipts (receipt_id, upload_week, user_id) VALUES (85, 8, 3);
INSERT INTO items (name, price, amount, gwp, receipt_id) VALUES ('Oliven', 14, 1, 35.70, 85);
INSERT INTO items (name, price, amount, gwp, receipt_id) VALUES ('Tomaten', 13, 1, 4.35, 85);
INSERT INTO items (name, price, amount, gwp, receipt_id) VALUES ('Bio Avocado', 20, 1, 1.95, 85);
INSERT INTO receipts (receipt_id, upload_week, user_id) VALUES (86, 8, 6);
INSERT INTO items (name, price, amount, gwp, receipt_id) VALUES ('Reisgetränk', 18, 1, 35.75, 86);
INSERT INTO items (name, price, amount, gwp, receipt_id) VALUES ('Protein-Stick', 2, 1, 36.41, 86);
INSERT INTO items (name, price, amount, gwp, receipt_id) VALUES ('Bio Avocado', 14, 1, 30.32, 86);
INSERT INTO receipts (receipt_id, upload_week, user_id) VALUES (87, 8, 8);
INSERT INTO items (name, price, amount, gwp, receipt_id) VALUES ('Oliven', 19, 1, 9.18, 87);
INSERT INTO items (name, price, amount, gwp, receipt_id) VALUES ('Bio Avocado', 14, 1, 2.61, 87);
INSERT INTO items (name, price, amount, gwp, receipt_id) VALUES ('Reisgetränk', 3, 1, 43.97, 87);
INSERT INTO receipts (receipt_id, upload_week, user_id) VALUES (88, 8, 10);
INSERT INTO items (name, price, amount, gwp, receipt_id) VALUES ('Bio Avocado', 4, 1, 12.45, 88);
INSERT INTO items (name, price, amount, gwp, receipt_id) VALUES ('Protein-Stick', 10, 1, 10.42, 88);
INSERT INTO items (name, price, amount, gwp, receipt_id) VALUES ('Oliven', 13, 1, 19.39, 88);
INSERT INTO receipts (receipt_id, upload_week, user_id) VALUES (89, 8, 6);
INSERT INTO items (name, price, amount, gwp, receipt_id) VALUES ('Schnitzel', 17, 1, 0.89, 89);
INSERT INTO items (name, price, amount, gwp, receipt_id) VALUES ('Bio Avocado', 10, 1, 40.43, 89);
INSERT INTO items (name, price, amount, gwp, receipt_id) VALUES ('Bio Avocado', 12, 1, 51.40, 89);
INSERT INTO receipts (receipt_id, upload_week, user_id) VALUES (90, 8, 1);
INSERT INTO items (name, price, amount, gwp, receipt_id) VALUES ('Schnitzel', 7, 1, 0.96, 90);
INSERT INTO items (name, price, amount, gwp, receipt_id) VALUES ('Schnitzel', 6, 1, 55.64, 90);
INSERT INTO items (name, price, amount, gwp, receipt_id) VALUES ('Bio Avocado', 20, 1, 2.66, 90);
INSERT INTO receipts (receipt_id, upload_week, user_id) VALUES (91, 9, 2);
INSERT INTO items (name, price, amount, gwp, receipt_id) VALUES ('Oliven', 0, 1, 29.05, 91);
INSERT INTO items (name, price, amount, gwp, receipt_id) VALUES ('Oliven', 7, 1, 64.80, 91);
INSERT INTO items (name, price, amount, gwp, receipt_id) VALUES ('Reisgetränk', 3, 1, 8.85, 91);
INSERT INTO receipts (receipt_id, upload_week, user_id) VALUES (92, 9, 10);
INSERT INTO items (name, price, amount, gwp, receipt_id) VALUES ('Reisgetränk', 16, 1, 64.09, 92);
INSERT INTO items (name, price, amount, gwp, receipt_id) VALUES ('Reisgetränk', 5, 1, 4.56, 92);
INSERT INTO items (name, price, amount, gwp, receipt_id) VALUES ('Bio Avocado', 11, 1, 24.91, 92);
INSERT INTO receipts (receipt_id, upload_week, user_id) VALUES (93, 9, 4);
INSERT INTO items (name, price, amount, gwp, receipt_id) VALUES ('Bio Avocado', 20, 1, 32.17, 93);
INSERT INTO items (name, price, amount, gwp, receipt_id) VALUES ('Oliven', 16, 1, 63.72, 93);
INSERT INTO items (name, price, amount, gwp, receipt_id) VALUES ('Tomaten', 12, 1, 78.78, 93);
INSERT INTO receipts (receipt_id, upload_week, user_id) VALUES (94, 9, 8);
INSERT INTO items (name, price, amount, gwp, receipt_id) VALUES ('Reisgetränk', 8, 1, 47.00, 94);
INSERT INTO items (name, price, amount, gwp, receipt_id) VALUES ('Schnitzel', 6, 1, 79.83, 94);
INSERT INTO items (name, price, amount, gwp, receipt_id) VALUES ('Protein-Stick', 7, 1, 54.10, 94);
INSERT INTO receipts (receipt_id, upload_week, user_id) VALUES (95, 9, 4);
INSERT INTO items (name, price, amount, gwp, receipt_id) VALUES ('Tomaten', 8, 1, 70.75, 95);
INSERT INTO items (name, price, amount, gwp, receipt_id) VALUES ('Tomaten', 13, 1, 5.59, 95);
INSERT INTO items (name, price, amount, gwp, receipt_id) VALUES ('Tomaten', 8, 1, 76.38, 95);
INSERT INTO receipts (receipt_id, upload_week, user_id) VALUES (96, 9, 6);
INSERT INTO items (name, price, amount, gwp, receipt_id) VALUES ('Tomaten', 5, 1, 43.76, 96);
INSERT INTO items (name, price, amount, gwp, receipt_id) VALUES ('Reisgetränk', 3, 1, 6.52, 96);
INSERT INTO items (name, price, amount, gwp, receipt_id) VALUES ('Bio Avocado', 14, 1, 82.37, 96);
INSERT INTO receipts (receipt_id, upload_week, user_id) VALUES (97, 9, 3);
INSERT INTO items (name, price, amount, gwp, receipt_id) VALUES ('Reisgetränk', 12, 1, 6.16, 97);
INSERT INTO items (name, price, amount, gwp, receipt_id) VALUES ('Tomaten', 9, 1, 31.79, 97);
INSERT INTO items (name, price, amount, gwp, receipt_id) VALUES ('Schnitzel', 9, 1, 77.24, 97);
INSERT INTO receipts (receipt_id, upload_week, user_id) VALUES (98, 9, 6);
INSERT INTO items (name, price, amount, gwp, receipt_id) VALUES ('Bio Avocado', 16, 1, 50.84, 98);
INSERT INTO items (name, price, amount, gwp, receipt_id) VALUES ('Bio Avocado', 6, 1, 88.69, 98);
INSERT INTO items (name, price, amount, gwp, receipt_id) VALUES ('Reisgetränk', 7, 1, 74.57, 98);
INSERT INTO receipts (receipt_id, upload_week, user_id) VALUES (99, 9, 10);
INSERT INTO items (name, price, amount, gwp, receipt_id) VALUES ('Oliven', 9, 1, 7.08, 99);
INSERT INTO items (name, price, amount, gwp, receipt_id) VALUES ('Tomaten', 10, 1, 9.38, 99);
INSERT INTO items (name, price, amount, gwp, receipt_id) VALUES ('Reisgetränk', 5, 1, 36.08, 99);
INSERT INTO receipts (receipt_id, upload_week, user_id) VALUES (100, 9, 1);
INSERT INTO items (name, price, amount, gwp, receipt_id) VALUES ('Protein-Stick', 7, 1, 32.74, 100);
INSERT INTO items (name, price, amount, gwp, receipt_id) VALUES ('Tomaten', 8, 1, 11.82, 100);
INSERT INTO items (name, price, amount, gwp, receipt_id) VALUES ('Bio Avocado', 4, 1, 56.67, 100);
INSERT INTO receipts (receipt_id, upload_week, user_id) VALUES (101, 10, 5);
INSERT INTO items (name, price, amount, gwp, receipt_id) VALUES ('Tomaten', 12, 1, 3.26, 101);
INSERT INTO items (name, price, amount, gwp, receipt_id) VALUES ('Reisgetränk', 8, 1, 56.79, 101);
INSERT INTO items (name, price, amount, gwp, receipt_id) VALUES ('Reisgetränk', 3, 1, 30.93, 101);
INSERT INTO receipts (receipt_id, upload_week, user_id) VALUES (102, 10, 10);
INSERT INTO items (name, price, amount, gwp, receipt_id) VALUES ('Tomaten', 15, 1, 2.18, 102);
INSERT INTO items (name, price, amount, gwp, receipt_id) VALUES ('Bio Avocado', 5, 1, 17.02, 102);
INSERT INTO items (name, price, amount, gwp, receipt_id) VALUES ('Protein-Stick', 10, 1, 55.57, 102);
INSERT INTO receipts (receipt_id, upload_week, user_id) VALUES (103, 10, 3);
INSERT INTO items (name, price, amount, gwp, receipt_id) VALUES ('Protein-Stick', 18, 1, 23.61, 103);
INSERT INTO items (name, price, amount, gwp, receipt_id) VALUES ('Tomaten', 16, 1, 17.23, 103);
INSERT INTO items (name, price, amount, gwp, receipt_id) VALUES ('Oliven', 8, 1, 4.21, 103);
INSERT INTO receipts (receipt_id, upload_week, user_id) VALUES (104, 10, 5);
INSERT INTO items (name, price, amount, gwp, receipt_id) VALUES ('Reisgetränk', 9, 1, 69.91, 104);
INSERT INTO items (name, price, amount, gwp, receipt_id) VALUES ('Reisgetränk', 14, 1, 17.35, 104);
INSERT INTO items (name, price, amount, gwp, receipt_id) VALUES ('Protein-Stick', 14, 1, 1.30, 104);
INSERT INTO receipts (receipt_id, upload_week, user_id) VALUES (105, 10, 6);
INSERT INTO items (name, price, amount, gwp, receipt_id) VALUES ('Tomaten', 15, 1, 57.60, 105);
INSERT INTO items (name, price, amount, gwp, receipt_id) VALUES ('Bio Avocado', 13, 1, 48.48, 105);
INSERT INTO items (name, price, amount, gwp, receipt_id) VALUES ('Protein-Stick', 11, 1, 11.94, 105);
INSERT INTO receipts (receipt_id, upload_week, user_id) VALUES (106, 10, 2);
INSERT INTO items (name, price, amount, gwp, receipt_id) VALUES ('Tomaten', 1, 1, 61.64, 106);
INSERT INTO items (name, price, amount, gwp, receipt_id) VALUES ('Oliven', 18, 1, 4.26, 106);
INSERT INTO items (name, price, amount, gwp, receipt_id) VALUES ('Oliven', 8, 1, 67.25, 106);
INSERT INTO receipts (receipt_id, upload_week, user_id) VALUES (107, 10, 8);
INSERT INTO items (name, price, amount, gwp, receipt_id) VALUES ('Tomaten', 15, 1, 81.97, 107);
INSERT INTO items (name, price, amount, gwp, receipt_id) VALUES ('Schnitzel', 18, 1, 40.92, 107);
INSERT INTO items (name, price, amount, gwp, receipt_id) VALUES ('Protein-Stick', 0, 1, 8.01, 107);
INSERT INTO receipts (receipt_id, upload_week, user_id) VALUES (108, 10, 2);
INSERT INTO items (name, price, amount, gwp, receipt_id) VALUES ('Reisgetränk', 1, 1, 56.37, 108);
INSERT INTO items (name, price, amount, gwp, receipt_id) VALUES ('Bio Avocado', 6, 1, 38.63, 108);
INSERT INTO items (name, price, amount, gwp, receipt_id) VALUES ('Tomaten', 17, 1, 27.41, 108);
INSERT INTO receipts (receipt_id, upload_week, user_id) VALUES (109, 10, 7);
INSERT INTO items (name, price, amount, gwp, receipt_id) VALUES ('Oliven', 8, 1, 48.27, 109);
INSERT INTO items (name, price, amount, gwp, receipt_id) VALUES ('Tomaten', 12, 1, 4.57, 109);
INSERT INTO items (name, price, amount, gwp, receipt_id) VALUES ('Protein-Stick', 6, 1, 61.43, 109);
INSERT INTO receipts (receipt_id, upload_week, user_id) VALUES (110, 10, 3);
INSERT INTO items (name, price, amount, gwp, receipt_id) VALUES ('Reisgetränk', 12, 1, 36.26, 110);
INSERT INTO items (name, price, amount, gwp, receipt_id) VALUES ('Protein-Stick', 8, 1, 28.83, 110);
INSERT INTO items (name, price, amount, gwp, receipt_id) VALUES ('Tomaten', 11, 1, 89.00, 110);
INSERT INTO receipts (receipt_id, upload_week, user_id) VALUES (111, 10, 1);
INSERT INTO items (name, price, amount, gwp, receipt_id) VALUES ('Schnitzel', 16, 1, 20.25, 111);
INSERT INTO items (name, price, amount, gwp, receipt_id) VALUES ('Oliven', 18, 1, 53.59, 111);
INSERT INTO items (name, price, amount, gwp, receipt_id) VALUES ('Reisgetränk', 11, 1, 66.25, 111);
INSERT INTO receipts (receipt_id, upload_week, user_id) VALUES (112, 11, 5);
INSERT INTO items (name, price, amount, gwp, receipt_id) VALUES ('Bio Avocado', 14, 1, 79.62, 112);
INSERT INTO items (name, price, amount, gwp, receipt_id) VALUES ('Reisgetränk', 9, 1, 15.24, 112);
INSERT INTO items (name, price, amount, gwp, receipt_id) VALUES ('Protein-Stick', 1, 1, 59.17, 112);
INSERT INTO receipts (receipt_id, upload_week, user_id) VALUES (113, 11, 10);
INSERT INTO items (name, price, amount, gwp, receipt_id) VALUES ('Schnitzel', 10, 1, 23.81, 113);
INSERT INTO items (name, price, amount, gwp, receipt_id) VALUES ('Protein-Stick', 0, 1, 78.04, 113);
INSERT INTO items (name, price, amount, gwp, receipt_id) VALUES ('Protein-Stick', 16, 1, 6.49, 113);
INSERT INTO receipts (receipt_id, upload_week, user_id) VALUES (114, 11, 5);
INSERT INTO items (name, price, amount, gwp, receipt_id) VALUES ('Reisgetränk', 11, 1, 35.44, 114);
INSERT INTO items (name, price, amount, gwp, receipt_id) VALUES ('Tomaten', 5, 1, 17.11, 114);
INSERT INTO items (name, price, amount, gwp, receipt_id) VALUES ('Reisgetränk', 14, 1, 58.96, 114);
INSERT INTO receipts (receipt_id, upload_week, user_id) VALUES (115, 11, 8);
INSERT INTO items (name, price, amount, gwp, receipt_id) VALUES ('Oliven', 16, 1, 29.21, 115);
INSERT INTO items (name, price, amount, gwp, receipt_id) VALUES ('Protein-Stick', 18, 1, 43.32, 115);
INSERT INTO items (name, price, amount, gwp, receipt_id) VALUES ('Tomaten', 11, 1, 89.23, 115);
INSERT INTO receipts (receipt_id, upload_week, user_id) VALUES (116, 11, 8);
INSERT INTO items (name, price, amount, gwp, receipt_id) VALUES ('Reisgetränk', 12, 1, 69.32, 116);
INSERT INTO items (name, price, amount, gwp, receipt_id) VALUES ('Tomaten', 11, 1, 12.24, 116);
INSERT INTO items (name, price, amount, gwp, receipt_id) VALUES ('Bio Avocado', 0, 1, 61.02, 116);
INSERT INTO receipts (receipt_id, upload_week, user_id) VALUES (117, 11, 5);
INSERT INTO items (name, price, amount, gwp, receipt_id) VALUES ('Reisgetränk', 0, 1, 57.32, 117);
INSERT INTO items (name, price, amount, gwp, receipt_id) VALUES ('Tomaten', 4, 1, 34.83, 117);
INSERT INTO items (name, price, amount, gwp, receipt_id) VALUES ('Bio Avocado', 12, 1, 63.97, 117);
INSERT INTO receipts (receipt_id, upload_week, user_id) VALUES (118, 11, 5);
INSERT INTO items (name, price, amount, gwp, receipt_id) VALUES ('Reisgetränk', 17, 1, 29.38, 118);
INSERT INTO items (name, price, amount, gwp, receipt_id) VALUES ('Reisgetränk', 18, 1, 88.99, 118);
INSERT INTO items (name, price, amount, gwp, receipt_id) VALUES ('Schnitzel', 0, 1, 51.75, 118);
INSERT INTO receipts (receipt_id, upload_week, user_id) VALUES (119, 11, 5);
INSERT INTO items (name, price, amount, gwp, receipt_id) VALUES ('Schnitzel', 3, 1, 1.21, 119);
INSERT INTO items (name, price, amount, gwp, receipt_id) VALUES ('Protein-Stick', 11, 1, 37.72, 119);
INSERT INTO items (name, price, amount, gwp, receipt_id) VALUES ('Oliven', 1, 1, 88.18, 119);
INSERT INTO receipts (receipt_id, upload_week, user_id) VALUES (120, 11, 1);
INSERT INTO items (name, price, amount, gwp, receipt_id) VALUES ('Bio Avocado', 16, 1, 39.98, 120);
INSERT INTO items (name, price, amount, gwp, receipt_id) VALUES ('Tomaten', 7, 1, 29.28, 120);
INSERT INTO items (name, price, amount, gwp, receipt_id) VALUES ('Oliven', 3, 1, 10.22, 120);
INSERT INTO receipts (receipt_id, upload_week, user_id) VALUES (121, 12, 4);
INSERT INTO items (name, price, amount, gwp, receipt_id) VALUES ('Protein-Stick', 1, 1, 51.10, 121);
INSERT INTO items (name, price, amount, gwp, receipt_id) VALUES ('Reisgetränk', 6, 1, 59.76, 121);
INSERT INTO items (name, price, amount, gwp, receipt_id) VALUES ('Bio Avocado', 10, 1, 59.91, 121);
INSERT INTO receipts (receipt_id, upload_week, user_id) VALUES (122, 12, 5);
INSERT INTO items (name, price, amount, gwp, receipt_id) VALUES ('Schnitzel', 2, 1, 38.17, 122);
INSERT INTO items (name, price, amount, gwp, receipt_id) VALUES ('Schnitzel', 17, 1, 28.93, 122);
INSERT INTO items (name, price, amount, gwp, receipt_id) VALUES ('Oliven', 15, 1, 25.98, 122);
INSERT INTO receipts (receipt_id, upload_week, user_id) VALUES (123, 12, 2);
INSERT INTO items (name, price, amount, gwp, receipt_id) VALUES ('Bio Avocado', 20, 1, 47.81, 123);
INSERT INTO items (name, price, amount, gwp, receipt_id) VALUES ('Oliven', 19, 1, 81.89, 123);
INSERT INTO items (name, price, amount, gwp, receipt_id) VALUES ('Schnitzel', 14, 1, 68.58, 123);
INSERT INTO receipts (receipt_id, upload_week, user_id) VALUES (124, 12, 5);
INSERT INTO items (name, price, amount, gwp, receipt_id) VALUES ('Bio Avocado', 10, 1, 56.63, 124);
INSERT INTO items (name, price, amount, gwp, receipt_id) VALUES ('Tomaten', 5, 1, 51.57, 124);
INSERT INTO items (name, price, amount, gwp, receipt_id) VALUES ('Tomaten', 3, 1, 28.88, 124);
INSERT INTO receipts (receipt_id, upload_week, user_id) VALUES (125, 12, 9);
INSERT INTO items (name, price, amount, gwp, receipt_id) VALUES ('Reisgetränk', 18, 1, 55.44, 125);
INSERT INTO items (name, price, amount, gwp, receipt_id) VALUES ('Protein-Stick', 3, 1, 67.38, 125);
INSERT INTO items (name, price, amount, gwp, receipt_id) VALUES ('Schnitzel', 14, 1, 28.23, 125);
INSERT INTO receipts (receipt_id, upload_week, user_id) VALUES (126, 12, 4);
INSERT INTO items (name, price, amount, gwp, receipt_id) VALUES ('Tomaten', 17, 1, 49.19, 126);
INSERT INTO items (name, price, amount, gwp, receipt_id) VALUES ('Oliven', 18, 1, 88.34, 126);
INSERT INTO items (name, price, amount, gwp, receipt_id) VALUES ('Schnitzel', 7, 1, 0.16, 126);
INSERT INTO receipts (receipt_id, upload_week, user_id) VALUES (127, 12, 10);
INSERT INTO items (name, price, amount, gwp, receipt_id) VALUES ('Reisgetränk', 10, 1, 79.87, 127);
INSERT INTO items (name, price, amount, gwp, receipt_id) VALUES ('Bio Avocado', 2, 1, 83.60, 127);
INSERT INTO items (name, price, amount, gwp, receipt_id) VALUES ('Schnitzel', 2, 1, 88.35, 127);
INSERT INTO receipts (receipt_id, upload_week, user_id) VALUES (128, 12, 2);
INSERT INTO items (name, price, amount, gwp, receipt_id) VALUES ('Reisgetränk', 11, 1, 45.28, 128);
INSERT INTO items (name, price, amount, gwp, receipt_id) VALUES ('Oliven', 0, 1, 83.12, 128);
INSERT INTO items (name, price, amount, gwp, receipt_id) VALUES ('Tomaten', 9, 1, 39.12, 128);
INSERT INTO receipts (receipt_id, upload_week, user_id) VALUES (129, 12, 1);
INSERT INTO items (name, price, amount, gwp, receipt_id) VALUES ('Schnitzel', 13, 1, 50.93, 129);
INSERT INTO items (name, price, amount, gwp, receipt_id) VALUES ('Protein-Stick', 0, 1, 26.98, 129);
INSERT INTO items (name, price, amount, gwp, receipt_id) VALUES ('Oliven', 15, 1, 38.69, 129);
INSERT INTO receipts (receipt_id, upload_week, user_id) VALUES (130, 13, 8);
INSERT INTO items (name, price, amount, gwp, receipt_id) VALUES ('Oliven', 3, 1, 32.12, 130);
INSERT INTO items (name, price, amount, gwp, receipt_id) VALUES ('Tomaten', 4, 1, 38.00, 130);
INSERT INTO items (name, price, amount, gwp, receipt_id) VALUES ('Reisgetränk', 20, 1, 39.84, 130);
INSERT INTO receipts (receipt_id, upload_week, user_id) VALUES (131, 13, 8);
INSERT INTO items (name, price, amount, gwp, receipt_id) VALUES ('Reisgetränk', 3, 1, 66.20, 131);
INSERT INTO items (name, price, amount, gwp, receipt_id) VALUES ('Oliven', 11, 1, 77.62, 131);
INSERT INTO items (name, price, amount, gwp, receipt_id) VALUES ('Protein-Stick', 8, 1, 29.56, 131);
INSERT INTO receipts (receipt_id, upload_week, user_id) VALUES (132, 13, 10);
INSERT INTO items (name, price, amount, gwp, receipt_id) VALUES ('Protein-Stick', 2, 1, 14.56, 132);
INSERT INTO items (name, price, amount, gwp, receipt_id) VALUES ('Reisgetränk', 0, 1, 73.29, 132);
INSERT INTO items (name, price, amount, gwp, receipt_id) VALUES ('Protein-Stick', 7, 1, 12.90, 132);
INSERT INTO receipts (receipt_id, upload_week, user_id) VALUES (133, 13, 9);
INSERT INTO items (name, price, amount, gwp, receipt_id) VALUES ('Schnitzel', 13, 1, 38.34, 133);
INSERT INTO items (name, price, amount, gwp, receipt_id) VALUES ('Protein-Stick', 6, 1, 84.24, 133);
INSERT INTO items (name, price, amount, gwp, receipt_id) VALUES ('Oliven', 5, 1, 43.26, 133);
INSERT INTO receipts (receipt_id, upload_week, user_id) VALUES (134, 13, 8);
INSERT INTO items (name, price, amount, gwp, receipt_id) VALUES ('Bio Avocado', 16, 1, 70.35, 134);
INSERT INTO items (name, price, amount, gwp, receipt_id) VALUES ('Oliven', 16, 1, 0.86, 134);
INSERT INTO items (name, price, amount, gwp, receipt_id) VALUES ('Protein-Stick', 9, 1, 88.03, 134);
INSERT INTO receipts (receipt_id, upload_week, user_id) VALUES (135, 13, 3);
INSERT INTO items (name, price, amount, gwp, receipt_id) VALUES ('Oliven', 2, 1, 19.37, 135);
INSERT INTO items (name, price, amount, gwp, receipt_id) VALUES ('Bio Avocado', 13, 1, 75.14, 135);
INSERT INTO items (name, price, amount, gwp, receipt_id) VALUES ('Reisgetränk', 12, 1, 30.17, 135);
INSERT INTO receipts (receipt_id, upload_week, user_id) VALUES (136, 13, 7);
INSERT INTO items (name, price, amount, gwp, receipt_id) VALUES ('Oliven', 3, 1, 46.38, 136);
INSERT INTO items (name, price, amount, gwp, receipt_id) VALUES ('Bio Avocado', 7, 1, 89.53, 136);
INSERT INTO items (name, price, amount, gwp, receipt_id) VALUES ('Oliven', 5, 1, 38.41, 136);
INSERT INTO receipts (receipt_id, upload_week, user_id) VALUES (137, 13, 5);
INSERT INTO items (name, price, amount, gwp, receipt_id) VALUES ('Protein-Stick', 19, 1, 16.04, 137);
INSERT INTO items (name, price, amount, gwp, receipt_id) VALUES ('Tomaten', 1, 1, 47.19, 137);
INSERT INTO items (name, price, amount, gwp, receipt_id) VALUES ('Protein-Stick', 7, 1, 65.30, 137);
INSERT INTO receipts (receipt_id, upload_week, user_id) VALUES (138, 13, 4);
INSERT INTO items (name, price, amount, gwp, receipt_id) VALUES ('Schnitzel', 5, 1, 66.81, 138);
INSERT INTO items (name, price, amount, gwp, receipt_id) VALUES ('Reisgetränk', 5, 1, 8.42, 138);
INSERT INTO items (name, price, amount, gwp, receipt_id) VALUES ('Protein-Stick', 9, 1, 74.92, 138);
INSERT INTO receipts (receipt_id, upload_week, user_id) VALUES (139, 13, 1);
INSERT INTO items (name, price, amount, gwp, receipt_id) VALUES ('Reisgetränk', 3, 1, 50.17, 139);
INSERT INTO items (name, price, amount, gwp, receipt_id) VALUES ('Reisgetränk', 4, 1, 8.25, 139);
INSERT INTO items (name, price, amount, gwp, receipt_id) VALUES ('Tomaten', 1, 1, 57.37, 139);
INSERT INTO receipts (receipt_id, upload_week, user_id) VALUES (140, 14, 3);
INSERT INTO items (name, price, amount, gwp, receipt_id) VALUES ('Oliven', 20, 1, 19.80, 140);
INSERT INTO items (name, price, amount, gwp, receipt_id) VALUES ('Reisgetränk', 1, 1, 27.61, 140);
INSERT INTO items (name, price, amount, gwp, receipt_id) VALUES ('Bio Avocado', 9, 1, 5.19, 140);
INSERT INTO receipts (receipt_id, upload_week, user_id) VALUES (141, 14, 5);
INSERT INTO items (name, price, amount, gwp, receipt_id) VALUES ('Protein-Stick', 9, 1, 2.37, 141);
INSERT INTO items (name, price, amount, gwp, receipt_id) VALUES ('Reisgetränk', 8, 1, 54.67, 141);
INSERT INTO items (name, price, amount, gwp, receipt_id) VALUES ('Reisgetränk', 5, 1, 44.41, 141);
INSERT INTO receipts (receipt_id, upload_week, user_id) VALUES (142, 14, 4);
INSERT INTO items (name, price, amount, gwp, receipt_id) VALUES ('Reisgetränk', 19, 1, 36.65, 142);
INSERT INTO items (name, price, amount, gwp, receipt_id) VALUES ('Bio Avocado', 5, 1, 26.85, 142);
INSERT INTO items (name, price, amount, gwp, receipt_id) VALUES ('Bio Avocado', 18, 1, 75.03, 142);
INSERT INTO receipts (receipt_id, upload_week, user_id) VALUES (143, 14, 7);
INSERT INTO items (name, price, amount, gwp, receipt_id) VALUES ('Reisgetränk', 17, 1, 62.30, 143);
INSERT INTO items (name, price, amount, gwp, receipt_id) VALUES ('Protein-Stick', 10, 1, 75.26, 143);
INSERT INTO items (name, price, amount, gwp, receipt_id) VALUES ('Oliven', 0, 1, 82.71, 143);
INSERT INTO receipts (receipt_id, upload_week, user_id) VALUES (144, 14, 3);
INSERT INTO items (name, price, amount, gwp, receipt_id) VALUES ('Oliven', 5, 1, 64.48, 144);
INSERT INTO items (name, price, amount, gwp, receipt_id) VALUES ('Protein-Stick', 15, 1, 7.75, 144);
INSERT INTO items (name, price, amount, gwp, receipt_id) VALUES ('Bio Avocado', 6, 1, 32.03, 144);
INSERT INTO receipts (receipt_id, upload_week, user_id) VALUES (145, 14, 2);
INSERT INTO items (name, price, amount, gwp, receipt_id) VALUES ('Oliven', 10, 1, 1.18, 145);
INSERT INTO items (name, price, amount, gwp, receipt_id) VALUES ('Reisgetränk', 11, 1, 71.42, 145);
INSERT INTO items (name, price, amount, gwp, receipt_id) VALUES ('Protein-Stick', 20, 1, 8.18, 145);
INSERT INTO receipts (receipt_id, upload_week, user_id) VALUES (146, 14, 2);
INSERT INTO items (name, price, amount, gwp, receipt_id) VALUES ('Schnitzel', 18, 1, 63.43, 146);
INSERT INTO items (name, price, amount, gwp, receipt_id) VALUES ('Bio Avocado', 16, 1, 26.55, 146);
INSERT INTO items (name, price, amount, gwp, receipt_id) VALUES ('Oliven', 14, 1, 80.74, 146);
INSERT INTO receipts (receipt_id, upload_week, user_id) VALUES (147, 14, 4);
INSERT INTO items (name, price, amount, gwp, receipt_id) VALUES ('Oliven', 9, 1, 74.52, 147);
INSERT INTO items (name, price, amount, gwp, receipt_id) VALUES ('Schnitzel', 17, 1, 58.02, 147);
INSERT INTO items (name, price, amount, gwp, receipt_id) VALUES ('Reisgetränk', 4, 1, 11.74, 147);
INSERT INTO receipts (receipt_id, upload_week, user_id) VALUES (148, 14, 2);
INSERT INTO items (name, price, amount, gwp, receipt_id) VALUES ('Tomaten', 9, 1, 66.53, 148);
INSERT INTO items (name, price, amount, gwp, receipt_id) VALUES ('Reisgetränk', 14, 1, 87.71, 148);
INSERT INTO items (name, price, amount, gwp, receipt_id) VALUES ('Oliven', 6, 1, 11.90, 148);
INSERT INTO receipts (receipt_id, upload_week, user_id) VALUES (149, 14, 3);
INSERT INTO items (name, price, amount, gwp, receipt_id) VALUES ('Bio Avocado', 18, 1, 86.35, 149);
INSERT INTO items (name, price, amount, gwp, receipt_id) VALUES ('Schnitzel', 1, 1, 60.32, 149);
INSERT INTO items (name, price, amount, gwp, receipt_id) VALUES ('Oliven', 1, 1, 82.07, 149);
INSERT INTO receipts (receipt_id, upload_week, user_id) VALUES (150, 14, 1);
INSERT INTO items (name, price, amount, gwp, receipt_id) VALUES ('Oliven', 7, 1, 45.17, 150);
INSERT INTO items (name, price, amount, gwp, receipt_id) VALUES ('Schnitzel', 14, 1, 36.61, 150);
INSERT INTO items (name, price, amount, gwp, receipt_id) VALUES ('Tomaten', 16, 1, 77.13, 150);
INSERT INTO receipts (receipt_id, upload_week, user_id) VALUES (151, 15, 4);
INSERT INTO items (name, price, amount, gwp, receipt_id) VALUES ('Schnitzel', 7, 1, 74.53, 151);
INSERT INTO items (name, price, amount, gwp, receipt_id) VALUES ('Tomaten', 13, 1, 17.37, 151);
INSERT INTO items (name, price, amount, gwp, receipt_id) VALUES ('Reisgetränk', 15, 1, 0.41, 151);
INSERT INTO receipts (receipt_id, upload_week, user_id) VALUES (152, 15, 8);
INSERT INTO items (name, price, amount, gwp, receipt_id) VALUES ('Oliven', 7, 1, 34.42, 152);
INSERT INTO items (name, price, amount, gwp, receipt_id) VALUES ('Tomaten', 7, 1, 5.58, 152);
INSERT INTO items (name, price, amount, gwp, receipt_id) VALUES ('Reisgetränk', 14, 1, 33.25, 152);
INSERT INTO receipts (receipt_id, upload_week, user_id) VALUES (153, 15, 9);
INSERT INTO items (name, price, amount, gwp, receipt_id) VALUES ('Tomaten', 17, 1, 57.58, 153);
INSERT INTO items (name, price, amount, gwp, receipt_id) VALUES ('Reisgetränk', 12, 1, 34.06, 153);
INSERT INTO items (name, price, amount, gwp, receipt_id) VALUES ('Tomaten', 15, 1, 12.63, 153);
INSERT INTO receipts (receipt_id, upload_week, user_id) VALUES (154, 15, 4);
INSERT INTO items (name, price, amount, gwp, receipt_id) VALUES ('Schnitzel', 15, 1, 56.17, 154);
INSERT INTO items (name, price, amount, gwp, receipt_id) VALUES ('Oliven', 6, 1, 38.13, 154);
INSERT INTO items (name, price, amount, gwp, receipt_id) VALUES ('Schnitzel', 5, 1, 34.93, 154);
INSERT INTO receipts (receipt_id, upload_week, user_id) VALUES (155, 15, 10);
INSERT INTO items (name, price, amount, gwp, receipt_id) VALUES ('Oliven', 3, 1, 33.11, 155);
INSERT INTO items (name, price, amount, gwp, receipt_id) VALUES ('Protein-Stick', 0, 1, 22.79, 155);
INSERT INTO items (name, price, amount, gwp, receipt_id) VALUES ('Protein-Stick', 13, 1, 42.82, 155);
INSERT INTO receipts (receipt_id, upload_week, user_id) VALUES (156, 15, 4);
INSERT INTO items (name, price, amount, gwp, receipt_id) VALUES ('Bio Avocado', 7, 1, 5.11, 156);
INSERT INTO items (name, price, amount, gwp, receipt_id) VALUES ('Schnitzel', 1, 1, 59.04, 156);
INSERT INTO items (name, price, amount, gwp, receipt_id) VALUES ('Tomaten', 6, 1, 88.18, 156);
INSERT INTO receipts (receipt_id, upload_week, user_id) VALUES (157, 15, 8);
INSERT INTO items (name, price, amount, gwp, receipt_id) VALUES ('Bio Avocado', 15, 1, 45.26, 157);
INSERT INTO items (name, price, amount, gwp, receipt_id) VALUES ('Reisgetränk', 5, 1, 68.04, 157);
INSERT INTO items (name, price, amount, gwp, receipt_id) VALUES ('Tomaten', 8, 1, 19.99, 157);
INSERT INTO receipts (receipt_id, upload_week, user_id) VALUES (158, 15, 6);
INSERT INTO items (name, price, amount, gwp, receipt_id) VALUES ('Oliven', 14, 1, 44.70, 158);
INSERT INTO items (name, price, amount, gwp, receipt_id) VALUES ('Tomaten', 15, 1, 64.32, 158);
INSERT INTO items (name, price, amount, gwp, receipt_id) VALUES ('Bio Avocado', 5, 1, 73.05, 158);
INSERT INTO receipts (receipt_id, upload_week, user_id) VALUES (159, 15, 5);
INSERT INTO items (name, price, amount, gwp, receipt_id) VALUES ('Tomaten', 8, 1, 59.05, 159);
INSERT INTO items (name, price, amount, gwp, receipt_id) VALUES ('Bio Avocado', 7, 1, 51.58, 159);
INSERT INTO items (name, price, amount, gwp, receipt_id) VALUES ('Oliven', 6, 1, 83.86, 159);
INSERT INTO receipts (receipt_id, upload_week, user_id) VALUES (160, 15, 1);
INSERT INTO items (name, price, amount, gwp, receipt_id) VALUES ('Tomaten', 14, 1, 10.97, 160);
INSERT INTO items (name, price, amount, gwp, receipt_id) VALUES ('Oliven', 18, 1, 42.82, 160);
INSERT INTO items (name, price, amount, gwp, receipt_id) VALUES ('Protein-Stick', 5, 1, 44.36, 160);
INSERT INTO receipts (receipt_id, upload_week, user_id) VALUES (161, 16, 8);
INSERT INTO items (name, price, amount, gwp, receipt_id) VALUES ('Reisgetränk', 4, 1, 3.08, 161);
INSERT INTO items (name, price, amount, gwp, receipt_id) VALUES ('Schnitzel', 19, 1, 28.67, 161);
INSERT INTO items (name, price, amount, gwp, receipt_id) VALUES ('Tomaten', 8, 1, 72.59, 161);
INSERT INTO receipts (receipt_id, upload_week, user_id) VALUES (162, 16, 7);
INSERT INTO items (name, price, amount, gwp, receipt_id) VALUES ('Bio Avocado', 9, 1, 24.01, 162);
INSERT INTO items (name, price, amount, gwp, receipt_id) VALUES ('Oliven', 6, 1, 65.87, 162);
INSERT INTO items (name, price, amount, gwp, receipt_id) VALUES ('Bio Avocado', 7, 1, 49.91, 162);
INSERT INTO receipts (receipt_id, upload_week, user_id) VALUES (163, 16, 9);
INSERT INTO items (name, price, amount, gwp, receipt_id) VALUES ('Oliven', 20, 1, 54.11, 163);
INSERT INTO items (name, price, amount, gwp, receipt_id) VALUES ('Reisgetränk', 14, 1, 78.54, 163);
INSERT INTO items (name, price, amount, gwp, receipt_id) VALUES ('Bio Avocado', 13, 1, 3.53, 163);
INSERT INTO receipts (receipt_id, upload_week, user_id) VALUES (164, 16, 7);
INSERT INTO items (name, price, amount, gwp, receipt_id) VALUES ('Bio Avocado', 2, 1, 88.53, 164);
INSERT INTO items (name, price, amount, gwp, receipt_id) VALUES ('Bio Avocado', 15, 1, 58.35, 164);
INSERT INTO items (name, price, amount, gwp, receipt_id) VALUES ('Reisgetränk', 13, 1, 72.65, 164);
INSERT INTO receipts (receipt_id, upload_week, user_id) VALUES (165, 16, 4);
INSERT INTO items (name, price, amount, gwp, receipt_id) VALUES ('Tomaten', 11, 1, 89.95, 165);
INSERT INTO items (name, price, amount, gwp, receipt_id) VALUES ('Reisgetränk', 8, 1, 4.81, 165);
INSERT INTO items (name, price, amount, gwp, receipt_id) VALUES ('Tomaten', 14, 1, 87.26, 165);
INSERT INTO receipts (receipt_id, upload_week, user_id) VALUES (166, 16, 10);
INSERT INTO items (name, price, amount, gwp, receipt_id) VALUES ('Schnitzel', 20, 1, 69.00, 166);
INSERT INTO items (name, price, amount, gwp, receipt_id) VALUES ('Tomaten', 18, 1, 9.20, 166);
INSERT INTO items (name, price, amount, gwp, receipt_id) VALUES ('Protein-Stick', 0, 1, 77.17, 166);
INSERT INTO receipts (receipt_id, upload_week, user_id) VALUES (167, 16, 4);
INSERT INTO items (name, price, amount, gwp, receipt_id) VALUES ('Tomaten', 13, 1, 76.57, 167);
INSERT INTO items (name, price, amount, gwp, receipt_id) VALUES ('Reisgetränk', 20, 1, 46.26, 167);
INSERT INTO items (name, price, amount, gwp, receipt_id) VALUES ('Bio Avocado', 19, 1, 80.27, 167);
INSERT INTO receipts (receipt_id, upload_week, user_id) VALUES (168, 16, 6);
INSERT INTO items (name, price, amount, gwp, receipt_id) VALUES ('Protein-Stick', 17, 1, 53.44, 168);
INSERT INTO items (name, price, amount, gwp, receipt_id) VALUES ('Oliven', 13, 1, 37.33, 168);
INSERT INTO items (name, price, amount, gwp, receipt_id) VALUES ('Tomaten', 18, 1, 68.37, 168);
INSERT INTO receipts (receipt_id, upload_week, user_id) VALUES (169, 16, 3);
INSERT INTO items (name, price, amount, gwp, receipt_id) VALUES ('Protein-Stick', 17, 1, 63.20, 169);
INSERT INTO items (name, price, amount, gwp, receipt_id) VALUES ('Protein-Stick', 14, 1, 56.83, 169);
INSERT INTO items (name, price, amount, gwp, receipt_id) VALUES ('Tomaten', 13, 1, 8.76, 169);
INSERT INTO receipts (receipt_id, upload_week, user_id) VALUES (170, 16, 8);
INSERT INTO items (name, price, amount, gwp, receipt_id) VALUES ('Reisgetränk', 2, 1, 14.05, 170);
INSERT INTO items (name, price, amount, gwp, receipt_id) VALUES ('Tomaten', 16, 1, 40.17, 170);
INSERT INTO items (name, price, amount, gwp, receipt_id) VALUES ('Oliven', 7, 1, 27.14, 170);
INSERT INTO receipts (receipt_id, upload_week, user_id) VALUES (171, 16, 1);
INSERT INTO items (name, price, amount, gwp, receipt_id) VALUES ('Tomaten', 17, 1, 36.16, 171);
INSERT INTO items (name, price, amount, gwp, receipt_id) VALUES ('Tomaten', 14, 1, 60.21, 171);
INSERT INTO items (name, price, amount, gwp, receipt_id) VALUES ('Schnitzel', 19, 1, 25.05, 171);
INSERT INTO receipts (receipt_id, upload_week, user_id) VALUES (172, 17, 3);
INSERT INTO items (name, price, amount, gwp, receipt_id) VALUES ('Tomaten', 7, 1, 77.37, 172);
INSERT INTO items (name, price, amount, gwp, receipt_id) VALUES ('Bio Avocado', 7, 1, 2.69, 172);
INSERT INTO items (name, price, amount, gwp, receipt_id) VALUES ('Schnitzel', 1, 1, 22.03, 172);
INSERT INTO receipts (receipt_id, upload_week, user_id) VALUES (173, 17, 9);
INSERT INTO items (name, price, amount, gwp, receipt_id) VALUES ('Reisgetränk', 13, 1, 85.98, 173);
INSERT INTO items (name, price, amount, gwp, receipt_id) VALUES ('Tomaten', 11, 1, 25.81, 173);
INSERT INTO items (name, price, amount, gwp, receipt_id) VALUES ('Tomaten', 15, 1, 31.21, 173);
INSERT INTO receipts (receipt_id, upload_week, user_id) VALUES (174, 17, 7);
INSERT INTO items (name, price, amount, gwp, receipt_id) VALUES ('Oliven', 7, 1, 67.17, 174);
INSERT INTO items (name, price, amount, gwp, receipt_id) VALUES ('Oliven', 3, 1, 79.97, 174);
INSERT INTO items (name, price, amount, gwp, receipt_id) VALUES ('Schnitzel', 20, 1, 62.56, 174);
INSERT INTO receipts (receipt_id, upload_week, user_id) VALUES (175, 17, 9);
INSERT INTO items (name, price, amount, gwp, receipt_id) VALUES ('Oliven', 18, 1, 29.76, 175);
INSERT INTO items (name, price, amount, gwp, receipt_id) VALUES ('Bio Avocado', 16, 1, 77.30, 175);
INSERT INTO items (name, price, amount, gwp, receipt_id) VALUES ('Schnitzel', 16, 1, 20.21, 175);
INSERT INTO receipts (receipt_id, upload_week, user_id) VALUES (176, 17, 10);
INSERT INTO items (name, price, amount, gwp, receipt_id) VALUES ('Reisgetränk', 3, 1, 78.97, 176);
INSERT INTO items (name, price, amount, gwp, receipt_id) VALUES ('Bio Avocado', 7, 1, 33.11, 176);
INSERT INTO items (name, price, amount, gwp, receipt_id) VALUES ('Oliven', 19, 1, 31.00, 176);
INSERT INTO receipts (receipt_id, upload_week, user_id) VALUES (177, 17, 8);
INSERT INTO items (name, price, amount, gwp, receipt_id) VALUES ('Tomaten', 16, 1, 40.50, 177);
INSERT INTO items (name, price, amount, gwp, receipt_id) VALUES ('Tomaten', 6, 1, 84.96, 177);
INSERT INTO items (name, price, amount, gwp, receipt_id) VALUES ('Oliven', 15, 1, 43.99, 177);
INSERT INTO receipts (receipt_id, upload_week, user_id) VALUES (178, 17, 4);
INSERT INTO items (name, price, amount, gwp, receipt_id) VALUES ('Oliven', 7, 1, 53.79, 178);
INSERT INTO items (name, price, amount, gwp, receipt_id) VALUES ('Tomaten', 13, 1, 49.70, 178);
INSERT INTO items (name, price, amount, gwp, receipt_id) VALUES ('Bio Avocado', 4, 1, 2.15, 178);
INSERT INTO receipts (receipt_id, upload_week, user_id) VALUES (179, 17, 3);
INSERT INTO items (name, price, amount, gwp, receipt_id) VALUES ('Bio Avocado', 15, 1, 80.79, 179);
INSERT INTO items (name, price, amount, gwp, receipt_id) VALUES ('Tomaten', 9, 1, 57.34, 179);
INSERT INTO items (name, price, amount, gwp, receipt_id) VALUES ('Oliven', 19, 1, 12.33, 179);
INSERT INTO receipts (receipt_id, upload_week, user_id) VALUES (180, 17, 1);
INSERT INTO items (name, price, amount, gwp, receipt_id) VALUES ('Tomaten', 19, 1, 1.95, 180);
INSERT INTO items (name, price, amount, gwp, receipt_id) VALUES ('Oliven', 12, 1, 77.67, 180);
INSERT INTO items (name, price, amount, gwp, receipt_id) VALUES ('Bio Avocado', 20, 1, 59.43, 180);
INSERT INTO receipts (receipt_id, upload_week, user_id) VALUES (181, 18, 3);
INSERT INTO items (name, price, amount, gwp, receipt_id) VALUES ('Reisgetränk', 7, 1, 48.91, 181);
INSERT INTO items (name, price, amount, gwp, receipt_id) VALUES ('Oliven', 15, 1, 55.20, 181);
INSERT INTO items (name, price, amount, gwp, receipt_id) VALUES ('Tomaten', 13, 1, 42.12, 181);
INSERT INTO receipts (receipt_id, upload_week, user_id) VALUES (182, 18, 2);
INSERT INTO items (name, price, amount, gwp, receipt_id) VALUES ('Reisgetränk', 5, 1, 25.55, 182);
INSERT INTO items (name, price, amount, gwp, receipt_id) VALUES ('Tomaten', 4, 1, 79.14, 182);
INSERT INTO items (name, price, amount, gwp, receipt_id) VALUES ('Bio Avocado', 2, 1, 84.55, 182);
INSERT INTO receipts (receipt_id, upload_week, user_id) VALUES (183, 18, 10);
INSERT INTO items (name, price, amount, gwp, receipt_id) VALUES ('Tomaten', 10, 1, 73.85, 183);
INSERT INTO items (name, price, amount, gwp, receipt_id) VALUES ('Oliven', 8, 1, 14.21, 183);
INSERT INTO items (name, price, amount, gwp, receipt_id) VALUES ('Reisgetränk', 2, 1, 71.59, 183);
INSERT INTO receipts (receipt_id, upload_week, user_id) VALUES (184, 18, 9);
INSERT INTO items (name, price, amount, gwp, receipt_id) VALUES ('Oliven', 3, 1, 71.09, 184);
INSERT INTO items (name, price, amount, gwp, receipt_id) VALUES ('Reisgetränk', 0, 1, 53.35, 184);
INSERT INTO items (name, price, amount, gwp, receipt_id) VALUES ('Schnitzel', 3, 1, 56.76, 184);
INSERT INTO receipts (receipt_id, upload_week, user_id) VALUES (185, 18, 3);
INSERT INTO items (name, price, amount, gwp, receipt_id) VALUES ('Reisgetränk', 10, 1, 5.56, 185);
INSERT INTO items (name, price, amount, gwp, receipt_id) VALUES ('Tomaten', 8, 1, 53.53, 185);
INSERT INTO items (name, price, amount, gwp, receipt_id) VALUES ('Protein-Stick', 14, 1, 2.50, 185);
INSERT INTO receipts (receipt_id, upload_week, user_id) VALUES (186, 18, 6);
INSERT INTO items (name, price, amount, gwp, receipt_id) VALUES ('Reisgetränk', 18, 1, 88.41, 186);
INSERT INTO items (name, price, amount, gwp, receipt_id) VALUES ('Reisgetränk', 14, 1, 88.57, 186);
INSERT INTO items (name, price, amount, gwp, receipt_id) VALUES ('Reisgetränk', 2, 1, 19.33, 186);
INSERT INTO receipts (receipt_id, upload_week, user_id) VALUES (187, 18, 4);
INSERT INTO items (name, price, amount, gwp, receipt_id) VALUES ('Schnitzel', 3, 1, 74.58, 187);
INSERT INTO items (name, price, amount, gwp, receipt_id) VALUES ('Tomaten', 15, 1, 67.92, 187);
INSERT INTO items (name, price, amount, gwp, receipt_id) VALUES ('Oliven', 4, 1, 71.43, 187);
INSERT INTO receipts (receipt_id, upload_week, user_id) VALUES (188, 18, 7);
INSERT INTO items (name, price, amount, gwp, receipt_id) VALUES ('Reisgetränk', 15, 1, 22.68, 188);
INSERT INTO items (name, price, amount, gwp, receipt_id) VALUES ('Tomaten', 17, 1, 54.07, 188);
INSERT INTO items (name, price, amount, gwp, receipt_id) VALUES ('Protein-Stick', 2, 1, 11.68, 188);
INSERT INTO receipts (receipt_id, upload_week, user_id) VALUES (189, 18, 8);
INSERT INTO items (name, price, amount, gwp, receipt_id) VALUES ('Protein-Stick', 11, 1, 63.93, 189);
INSERT INTO items (name, price, amount, gwp, receipt_id) VALUES ('Schnitzel', 0, 1, 60.04, 189);
INSERT INTO items (name, price, amount, gwp, receipt_id) VALUES ('Bio Avocado', 11, 1, 78.30, 189);
INSERT INTO receipts (receipt_id, upload_week, user_id) VALUES (190, 18, 1);
INSERT INTO items (name, price, amount, gwp, receipt_id) VALUES ('Reisgetränk', 20, 1, 62.45, 190);
INSERT INTO items (name, price, amount, gwp, receipt_id) VALUES ('Protein-Stick', 12, 1, 9.51, 190);
INSERT INTO items (name, price, amount, gwp, receipt_id) VALUES ('Oliven', 18, 1, 43.95, 190);
INSERT INTO receipts (receipt_id, upload_week, user_id) VALUES (191, 19, 7);
INSERT INTO items (name, price, amount, gwp, receipt_id) VALUES ('Reisgetränk', 15, 1, 65.43, 191);
INSERT INTO items (name, price, amount, gwp, receipt_id) VALUES ('Reisgetränk', 4, 1, 79.37, 191);
INSERT INTO items (name, price, amount, gwp, receipt_id) VALUES ('Reisgetränk', 5, 1, 24.57, 191);
INSERT INTO receipts (receipt_id, upload_week, user_id) VALUES (192, 19, 3);
INSERT INTO items (name, price, amount, gwp, receipt_id) VALUES ('Protein-Stick', 16, 1, 14.93, 192);
INSERT INTO items (name, price, amount, gwp, receipt_id) VALUES ('Protein-Stick', 12, 1, 45.03, 192);
INSERT INTO items (name, price, amount, gwp, receipt_id) VALUES ('Schnitzel', 3, 1, 32.68, 192);
INSERT INTO receipts (receipt_id, upload_week, user_id) VALUES (193, 19, 4);
INSERT INTO items (name, price, amount, gwp, receipt_id) VALUES ('Protein-Stick', 16, 1, 87.24, 193);
INSERT INTO items (name, price, amount, gwp, receipt_id) VALUES ('Oliven', 15, 1, 86.93, 193);
INSERT INTO items (name, price, amount, gwp, receipt_id) VALUES ('Reisgetränk', 5, 1, 32.67, 193);
INSERT INTO receipts (receipt_id, upload_week, user_id) VALUES (194, 19, 4);
INSERT INTO items (name, price, amount, gwp, receipt_id) VALUES ('Protein-Stick', 13, 1, 59.97, 194);
INSERT INTO items (name, price, amount, gwp, receipt_id) VALUES ('Tomaten', 16, 1, 83.13, 194);
INSERT INTO items (name, price, amount, gwp, receipt_id) VALUES ('Reisgetränk', 5, 1, 55.00, 194);
INSERT INTO receipts (receipt_id, upload_week, user_id) VALUES (195, 19, 7);
INSERT INTO items (name, price, amount, gwp, receipt_id) VALUES ('Bio Avocado', 11, 1, 38.62, 195);
INSERT INTO items (name, price, amount, gwp, receipt_id) VALUES ('Tomaten', 5, 1, 76.41, 195);
INSERT INTO items (name, price, amount, gwp, receipt_id) VALUES ('Bio Avocado', 14, 1, 86.99, 195);
INSERT INTO receipts (receipt_id, upload_week, user_id) VALUES (196, 19, 2);
INSERT INTO items (name, price, amount, gwp, receipt_id) VALUES ('Protein-Stick', 6, 1, 11.49, 196);
INSERT INTO items (name, price, amount, gwp, receipt_id) VALUES ('Reisgetränk', 11, 1, 35.07, 196);
INSERT INTO items (name, price, amount, gwp, receipt_id) VALUES ('Tomaten', 8, 1, 57.19, 196);
INSERT INTO receipts (receipt_id, upload_week, user_id) VALUES (197, 19, 3);
INSERT INTO items (name, price, amount, gwp, receipt_id) VALUES ('Protein-Stick', 7, 1, 7.80, 197);
INSERT INTO items (name, price, amount, gwp, receipt_id) VALUES ('Tomaten', 3, 1, 69.06, 197);
INSERT INTO items (name, price, amount, gwp, receipt_id) VALUES ('Tomaten', 5, 1, 64.86, 197);
INSERT INTO receipts (receipt_id, upload_week, user_id) VALUES (198, 19, 6);
INSERT INTO items (name, price, amount, gwp, receipt_id) VALUES ('Reisgetränk', 20, 1, 66.00, 198);
INSERT INTO items (name, price, amount, gwp, receipt_id) VALUES ('Oliven', 12, 1, 41.01, 198);
INSERT INTO items (name, price, amount, gwp, receipt_id) VALUES ('Schnitzel', 11, 1, 75.15, 198);
INSERT INTO receipts (receipt_id, upload_week, user_id) VALUES (199, 19, 1);
INSERT INTO items (name, price, amount, gwp, receipt_id) VALUES ('Tomaten', 16, 1, 37.95, 199);
INSERT INTO items (name, price, amount, gwp, receipt_id) VALUES ('Protein-Stick', 17, 1, 59.04, 199);
INSERT INTO items (name, price, amount, gwp, receipt_id) VALUES ('Protein-Stick', 7, 1, 6.31, 199);
INSERT INTO receipts (receipt_id, upload_week, user_id) VALUES (200, 20, 8);
INSERT INTO items (name, price, amount, gwp, receipt_id) VALUES ('Tomaten', 2, 1, 60.84, 200);
INSERT INTO items (name, price, amount, gwp, receipt_id) VALUES ('Protein-Stick', 4, 1, 4.35, 200);
INSERT INTO items (name, price, amount, gwp, receipt_id) VALUES ('Protein-Stick', 2, 1, 12.56, 200);
INSERT INTO receipts (receipt_id, upload_week, user_id) VALUES (201, 20, 7);
INSERT INTO items (name, price, amount, gwp, receipt_id) VALUES ('Schnitzel', 12, 1, 35.76, 201);
INSERT INTO items (name, price, amount, gwp, receipt_id) VALUES ('Protein-Stick', 11, 1, 69.96, 201);
INSERT INTO items (name, price, amount, gwp, receipt_id) VALUES ('Protein-Stick', 5, 1, 86.91, 201);
INSERT INTO receipts (receipt_id, upload_week, user_id) VALUES (202, 20, 3);
INSERT INTO items (name, price, amount, gwp, receipt_id) VALUES ('Schnitzel', 4, 1, 20.53, 202);
INSERT INTO items (name, price, amount, gwp, receipt_id) VALUES ('Schnitzel', 13, 1, 62.05, 202);
INSERT INTO items (name, price, amount, gwp, receipt_id) VALUES ('Reisgetränk', 0, 1, 8.66, 202);
INSERT INTO receipts (receipt_id, upload_week, user_id) VALUES (203, 20, 5);
INSERT INTO items (name, price, amount, gwp, receipt_id) VALUES ('Schnitzel', 16, 1, 16.42, 203);
INSERT INTO items (name, price, amount, gwp, receipt_id) VALUES ('Tomaten', 18, 1, 19.91, 203);
INSERT INTO items (name, price, amount, gwp, receipt_id) VALUES ('Bio Avocado', 14, 1, 85.25, 203);
INSERT INTO receipts (receipt_id, upload_week, user_id) VALUES (204, 20, 4);
INSERT INTO items (name, price, amount, gwp, receipt_id) VALUES ('Protein-Stick', 20, 1, 81.75, 204);
INSERT INTO items (name, price, amount, gwp, receipt_id) VALUES ('Schnitzel', 1, 1, 56.38, 204);
INSERT INTO items (name, price, amount, gwp, receipt_id) VALUES ('Bio Avocado', 9, 1, 51.09, 204);
INSERT INTO receipts (receipt_id, upload_week, user_id) VALUES (205, 20, 2);
INSERT INTO items (name, price, amount, gwp, receipt_id) VALUES ('Schnitzel', 12, 1, 66.38, 205);
INSERT INTO items (name, price, amount, gwp, receipt_id) VALUES ('Protein-Stick', 2, 1, 8.21, 205);
INSERT INTO items (name, price, amount, gwp, receipt_id) VALUES ('Schnitzel', 10, 1, 78.17, 205);
INSERT INTO receipts (receipt_id, upload_week, user_id) VALUES (206, 20, 8);
INSERT INTO items (name, price, amount, gwp, receipt_id) VALUES ('Tomaten', 11, 1, 32.37, 206);
INSERT INTO items (name, price, amount, gwp, receipt_id) VALUES ('Reisgetränk', 17, 1, 12.41, 206);
INSERT INTO items (name, price, amount, gwp, receipt_id) VALUES ('Tomaten', 10, 1, 61.24, 206);
INSERT INTO receipts (receipt_id, upload_week, user_id) VALUES (207, 20, 7);
INSERT INTO items (name, price, amount, gwp, receipt_id) VALUES ('Schnitzel', 4, 1, 80.02, 207);
INSERT INTO items (name, price, amount, gwp, receipt_id) VALUES ('Bio Avocado', 19, 1, 57.37, 207);
INSERT INTO items (name, price, amount, gwp, receipt_id) VALUES ('Schnitzel', 15, 1, 72.14, 207);
INSERT INTO receipts (receipt_id, upload_week, user_id) VALUES (208, 20, 3);
INSERT INTO items (name, price, amount, gwp, receipt_id) VALUES ('Protein-Stick', 4, 1, 62.72, 208);
INSERT INTO items (name, price, amount, gwp, receipt_id) VALUES ('Bio Avocado', 4, 1, 60.16, 208);
INSERT INTO items (name, price, amount, gwp, receipt_id) VALUES ('Bio Avocado', 10, 1, 62.97, 208);
INSERT INTO receipts (receipt_id, upload_week, user_id) VALUES (209, 20, 1);
INSERT INTO items (name, price, amount, gwp, receipt_id) VALUES ('Tomaten', 3, 1, 53.03, 209);
INSERT INTO items (name, price, amount, gwp, receipt_id) VALUES ('Reisgetränk', 2, 1, 60.02, 209);
INSERT INTO items (name, price, amount, gwp, receipt_id) VALUES ('Bio Avocado', 17, 1, 75.23, 209);
INSERT INTO receipts (receipt_id, upload_week, user_id) VALUES (210, 21, 3);
INSERT INTO items (name, price, amount, gwp, receipt_id) VALUES ('Bio Avocado', 6, 1, 30.28, 210);
INSERT INTO items (name, price, amount, gwp, receipt_id) VALUES ('Schnitzel', 10, 1, 67.50, 210);
INSERT INTO items (name, price, amount, gwp, receipt_id) VALUES ('Reisgetränk', 3, 1, 0.64, 210);
INSERT INTO receipts (receipt_id, upload_week, user_id) VALUES (211, 21, 8);
INSERT INTO items (name, price, amount, gwp, receipt_id) VALUES ('Schnitzel', 8, 1, 85.16, 211);
INSERT INTO items (name, price, amount, gwp, receipt_id) VALUES ('Bio Avocado', 18, 1, 84.57, 211);
INSERT INTO items (name, price, amount, gwp, receipt_id) VALUES ('Protein-Stick', 13, 1, 9.53, 211);
INSERT INTO receipts (receipt_id, upload_week, user_id) VALUES (212, 21, 4);
INSERT INTO items (name, price, amount, gwp, receipt_id) VALUES ('Bio Avocado', 4, 1, 25.56, 212);
INSERT INTO items (name, price, amount, gwp, receipt_id) VALUES ('Protein-Stick', 9, 1, 82.52, 212);
INSERT INTO items (name, price, amount, gwp, receipt_id) VALUES ('Protein-Stick', 11, 1, 23.86, 212);
INSERT INTO receipts (receipt_id, upload_week, user_id) VALUES (213, 21, 10);
INSERT INTO items (name, price, amount, gwp, receipt_id) VALUES ('Bio Avocado', 3, 1, 22.75, 213);
INSERT INTO items (name, price, amount, gwp, receipt_id) VALUES ('Bio Avocado', 11, 1, 72.58, 213);
INSERT INTO items (name, price, amount, gwp, receipt_id) VALUES ('Protein-Stick', 18, 1, 5.49, 213);
INSERT INTO receipts (receipt_id, upload_week, user_id) VALUES (214, 21, 3);
INSERT INTO items (name, price, amount, gwp, receipt_id) VALUES ('Protein-Stick', 19, 1, 71.11, 214);
INSERT INTO items (name, price, amount, gwp, receipt_id) VALUES ('Bio Avocado', 5, 1, 69.44, 214);
INSERT INTO items (name, price, amount, gwp, receipt_id) VALUES ('Schnitzel', 2, 1, 17.91, 214);
INSERT INTO receipts (receipt_id, upload_week, user_id) VALUES (215, 21, 9);
INSERT INTO items (name, price, amount, gwp, receipt_id) VALUES ('Reisgetränk', 5, 1, 9.16, 215);
INSERT INTO items (name, price, amount, gwp, receipt_id) VALUES ('Bio Avocado', 18, 1, 62.55, 215);
INSERT INTO items (name, price, amount, gwp, receipt_id) VALUES ('Reisgetränk', 5, 1, 11.16, 215);
INSERT INTO receipts (receipt_id, upload_week, user_id) VALUES (216, 21, 2);
INSERT INTO items (name, price, amount, gwp, receipt_id) VALUES ('Schnitzel', 3, 1, 16.63, 216);
INSERT INTO items (name, price, amount, gwp, receipt_id) VALUES ('Schnitzel', 1, 1, 74.32, 216);
INSERT INTO items (name, price, amount, gwp, receipt_id) VALUES ('Schnitzel', 19, 1, 4.63, 216);
INSERT INTO receipts (receipt_id, upload_week, user_id) VALUES (217, 21, 10);
INSERT INTO items (name, price, amount, gwp, receipt_id) VALUES ('Bio Avocado', 4, 1, 68.98, 217);
INSERT INTO items (name, price, amount, gwp, receipt_id) VALUES ('Oliven', 16, 1, 57.60, 217);
INSERT INTO items (name, price, amount, gwp, receipt_id) VALUES ('Schnitzel', 4, 1, 75.10, 217);
INSERT INTO receipts (receipt_id, upload_week, user_id) VALUES (218, 21, 1);
INSERT INTO items (name, price, amount, gwp, receipt_id) VALUES ('Bio Avocado', 19, 1, 35.47, 218);
INSERT INTO items (name, price, amount, gwp, receipt_id) VALUES ('Schnitzel', 1, 1, 33.03, 218);
INSERT INTO items (name, price, amount, gwp, receipt_id) VALUES ('Tomaten', 4, 1, 17.26, 218);
INSERT INTO receipts (receipt_id, upload_week, user_id) VALUES (219, 22, 10);
INSERT INTO items (name, price, amount, gwp, receipt_id) VALUES ('Oliven', 2, 1, 68.61, 219);
INSERT INTO items (name, price, amount, gwp, receipt_id) VALUES ('Bio Avocado', 15, 1, 29.01, 219);
INSERT INTO items (name, price, amount, gwp, receipt_id) VALUES ('Bio Avocado', 11, 1, 26.33, 219);
INSERT INTO receipts (receipt_id, upload_week, user_id) VALUES (220, 22, 3);
INSERT INTO items (name, price, amount, gwp, receipt_id) VALUES ('Protein-Stick', 6, 1, 10.97, 220);
INSERT INTO items (name, price, amount, gwp, receipt_id) VALUES ('Tomaten', 14, 1, 36.98, 220);
INSERT INTO items (name, price, amount, gwp, receipt_id) VALUES ('Protein-Stick', 8, 1, 61.50, 220);
INSERT INTO receipts (receipt_id, upload_week, user_id) VALUES (221, 22, 3);
INSERT INTO items (name, price, amount, gwp, receipt_id) VALUES ('Tomaten', 9, 1, 49.15, 221);
INSERT INTO items (name, price, amount, gwp, receipt_id) VALUES ('Oliven', 19, 1, 57.96, 221);
INSERT INTO items (name, price, amount, gwp, receipt_id) VALUES ('Schnitzel', 3, 1, 37.46, 221);
INSERT INTO receipts (receipt_id, upload_week, user_id) VALUES (222, 22, 5);
INSERT INTO items (name, price, amount, gwp, receipt_id) VALUES ('Bio Avocado', 16, 1, 38.95, 222);
INSERT INTO items (name, price, amount, gwp, receipt_id) VALUES ('Schnitzel', 16, 1, 41.60, 222);
INSERT INTO items (name, price, amount, gwp, receipt_id) VALUES ('Protein-Stick', 18, 1, 57.46, 222);
INSERT INTO receipts (receipt_id, upload_week, user_id) VALUES (223, 22, 8);
INSERT INTO items (name, price, amount, gwp, receipt_id) VALUES ('Reisgetränk', 17, 1, 45.06, 223);
INSERT INTO items (name, price, amount, gwp, receipt_id) VALUES ('Oliven', 5, 1, 51.20, 223);
INSERT INTO items (name, price, amount, gwp, receipt_id) VALUES ('Schnitzel', 0, 1, 10.43, 223);
INSERT INTO receipts (receipt_id, upload_week, user_id) VALUES (224, 22, 4);
INSERT INTO items (name, price, amount, gwp, receipt_id) VALUES ('Protein-Stick', 17, 1, 25.29, 224);
INSERT INTO items (name, price, amount, gwp, receipt_id) VALUES ('Bio Avocado', 16, 1, 32.64, 224);
INSERT INTO items (name, price, amount, gwp, receipt_id) VALUES ('Oliven', 1, 1, 26.56, 224);
INSERT INTO receipts (receipt_id, upload_week, user_id) VALUES (225, 22, 4);
INSERT INTO items (name, price, amount, gwp, receipt_id) VALUES ('Oliven', 13, 1, 6.34, 225);
INSERT INTO items (name, price, amount, gwp, receipt_id) VALUES ('Bio Avocado', 0, 1, 38.00, 225);
INSERT INTO items (name, price, amount, gwp, receipt_id) VALUES ('Tomaten', 7, 1, 17.60, 225);
INSERT INTO receipts (receipt_id, upload_week, user_id) VALUES (226, 22, 8);
INSERT INTO items (name, price, amount, gwp, receipt_id) VALUES ('Tomaten', 13, 1, 65.80, 226);
INSERT INTO items (name, price, amount, gwp, receipt_id) VALUES ('Tomaten', 3, 1, 46.08, 226);
INSERT INTO items (name, price, amount, gwp, receipt_id) VALUES ('Oliven', 3, 1, 72.22, 226);
INSERT INTO receipts (receipt_id, upload_week, user_id) VALUES (227, 22, 1);
INSERT INTO items (name, price, amount, gwp, receipt_id) VALUES ('Reisgetränk', 5, 1, 23.52, 227);
INSERT INTO items (name, price, amount, gwp, receipt_id) VALUES ('Protein-Stick', 15, 1, 67.66, 227);
INSERT INTO items (name, price, amount, gwp, receipt_id) VALUES ('Reisgetränk', 15, 1, 42.97, 227);
INSERT INTO receipts (receipt_id, upload_week, user_id) VALUES (228, 23, 3);
INSERT INTO items (name, price, amount, gwp, receipt_id) VALUES ('Oliven', 8, 1, 75.17, 228);
INSERT INTO items (name, price, amount, gwp, receipt_id) VALUES ('Oliven', 15, 1, 34.90, 228);
INSERT INTO items (name, price, amount, gwp, receipt_id) VALUES ('Schnitzel', 1, 1, 45.94, 228);
INSERT INTO receipts (receipt_id, upload_week, user_id) VALUES (229, 23, 6);
INSERT INTO items (name, price, amount, gwp, receipt_id) VALUES ('Reisgetränk', 9, 1, 17.47, 229);
INSERT INTO items (name, price, amount, gwp, receipt_id) VALUES ('Protein-Stick', 20, 1, 8.05, 229);
INSERT INTO items (name, price, amount, gwp, receipt_id) VALUES ('Protein-Stick', 0, 1, 41.15, 229);
INSERT INTO receipts (receipt_id, upload_week, user_id) VALUES (230, 23, 7);
INSERT INTO items (name, price, amount, gwp, receipt_id) VALUES ('Reisgetränk', 17, 1, 46.86, 230);
INSERT INTO items (name, price, amount, gwp, receipt_id) VALUES ('Bio Avocado', 3, 1, 2.56, 230);
INSERT INTO items (name, price, amount, gwp, receipt_id) VALUES ('Protein-Stick', 12, 1, 84.55, 230);
INSERT INTO receipts (receipt_id, upload_week, user_id) VALUES (231, 23, 4);
INSERT INTO items (name, price, amount, gwp, receipt_id) VALUES ('Tomaten', 11, 1, 64.84, 231);
INSERT INTO items (name, price, amount, gwp, receipt_id) VALUES ('Tomaten', 1, 1, 28.84, 231);
INSERT INTO items (name, price, amount, gwp, receipt_id) VALUES ('Schnitzel', 8, 1, 73.34, 231);
INSERT INTO receipts (receipt_id, upload_week, user_id) VALUES (232, 23, 4);
INSERT INTO items (name, price, amount, gwp, receipt_id) VALUES ('Tomaten', 6, 1, 78.19, 232);
INSERT INTO items (name, price, amount, gwp, receipt_id) VALUES ('Schnitzel', 0, 1, 1.27, 232);
INSERT INTO items (name, price, amount, gwp, receipt_id) VALUES ('Schnitzel', 4, 1, 26.93, 232);
INSERT INTO receipts (receipt_id, upload_week, user_id) VALUES (233, 23, 9);
INSERT INTO items (name, price, amount, gwp, receipt_id) VALUES ('Oliven', 15, 1, 78.11, 233);
INSERT INTO items (name, price, amount, gwp, receipt_id) VALUES ('Oliven', 18, 1, 32.90, 233);
INSERT INTO items (name, price, amount, gwp, receipt_id) VALUES ('Tomaten', 10, 1, 70.91, 233);
INSERT INTO receipts (receipt_id, upload_week, user_id) VALUES (234, 23, 6);
INSERT INTO items (name, price, amount, gwp, receipt_id) VALUES ('Protein-Stick', 13, 1, 37.10, 234);
INSERT INTO items (name, price, amount, gwp, receipt_id) VALUES ('Reisgetränk', 0, 1, 79.18, 234);
INSERT INTO items (name, price, amount, gwp, receipt_id) VALUES ('Bio Avocado', 15, 1, 50.68, 234);
INSERT INTO receipts (receipt_id, upload_week, user_id) VALUES (235, 23, 3);
INSERT INTO items (name, price, amount, gwp, receipt_id) VALUES ('Schnitzel', 8, 1, 74.22, 235);
INSERT INTO items (name, price, amount, gwp, receipt_id) VALUES ('Tomaten', 1, 1, 80.67, 235);
INSERT INTO items (name, price, amount, gwp, receipt_id) VALUES ('Schnitzel', 15, 1, 65.88, 235);
INSERT INTO receipts (receipt_id, upload_week, user_id) VALUES (236, 23, 8);
INSERT INTO items (name, price, amount, gwp, receipt_id) VALUES ('Tomaten', 1, 1, 1.23, 236);
INSERT INTO items (name, price, amount, gwp, receipt_id) VALUES ('Tomaten', 17, 1, 85.03, 236);
INSERT INTO items (name, price, amount, gwp, receipt_id) VALUES ('Bio Avocado', 5, 1, 0.80, 236);
INSERT INTO receipts (receipt_id, upload_week, user_id) VALUES (237, 23, 1);
INSERT INTO items (name, price, amount, gwp, receipt_id) VALUES ('Schnitzel', 8, 1, 22.70, 237);
INSERT INTO items (name, price, amount, gwp, receipt_id) VALUES ('Reisgetränk', 3, 1, 36.47, 237);
INSERT INTO items (name, price, amount, gwp, receipt_id) VALUES ('Tomaten', 4, 1, 64.98, 237);
INSERT INTO receipts (receipt_id, upload_week, user_id) VALUES (238, 24, 5);
INSERT INTO items (name, price, amount, gwp, receipt_id) VALUES ('Reisgetränk', 13, 1, 50.88, 238);
INSERT INTO items (name, price, amount, gwp, receipt_id) VALUES ('Tomaten', 11, 1, 46.75, 238);
INSERT INTO items (name, price, amount, gwp, receipt_id) VALUES ('Protein-Stick', 1, 1, 51.60, 238);
INSERT INTO receipts (receipt_id, upload_week, user_id) VALUES (239, 24, 7);
INSERT INTO items (name, price, amount, gwp, receipt_id) VALUES ('Bio Avocado', 5, 1, 33.11, 239);
INSERT INTO items (name, price, amount, gwp, receipt_id) VALUES ('Protein-Stick', 0, 1, 84.26, 239);
INSERT INTO items (name, price, amount, gwp, receipt_id) VALUES ('Protein-Stick', 11, 1, 78.34, 239);
INSERT INTO receipts (receipt_id, upload_week, user_id) VALUES (240, 24, 7);
INSERT INTO items (name, price, amount, gwp, receipt_id) VALUES ('Bio Avocado', 20, 1, 89.97, 240);
INSERT INTO items (name, price, amount, gwp, receipt_id) VALUES ('Schnitzel', 6, 1, 53.83, 240);
INSERT INTO items (name, price, amount, gwp, receipt_id) VALUES ('Oliven', 15, 1, 55.23, 240);
INSERT INTO receipts (receipt_id, upload_week, user_id) VALUES (241, 24, 6);
INSERT INTO items (name, price, amount, gwp, receipt_id) VALUES ('Schnitzel', 18, 1, 18.64, 241);
INSERT INTO items (name, price, amount, gwp, receipt_id) VALUES ('Reisgetränk', 7, 1, 71.77, 241);
INSERT INTO items (name, price, amount, gwp, receipt_id) VALUES ('Tomaten', 3, 1, 44.36, 241);
INSERT INTO receipts (receipt_id, upload_week, user_id) VALUES (242, 24, 4);
INSERT INTO items (name, price, amount, gwp, receipt_id) VALUES ('Tomaten', 14, 1, 4.69, 242);
INSERT INTO items (name, price, amount, gwp, receipt_id) VALUES ('Schnitzel', 9, 1, 25.54, 242);
INSERT INTO items (name, price, amount, gwp, receipt_id) VALUES ('Schnitzel', 1, 1, 48.31, 242);
INSERT INTO receipts (receipt_id, upload_week, user_id) VALUES (243, 24, 9);
INSERT INTO items (name, price, amount, gwp, receipt_id) VALUES ('Bio Avocado', 2, 1, 28.16, 243);
INSERT INTO items (name, price, amount, gwp, receipt_id) VALUES ('Protein-Stick', 12, 1, 12.65, 243);
INSERT INTO items (name, price, amount, gwp, receipt_id) VALUES ('Reisgetränk', 6, 1, 60.29, 243);
INSERT INTO receipts (receipt_id, upload_week, user_id) VALUES (244, 24, 9);
INSERT INTO items (name, price, amount, gwp, receipt_id) VALUES ('Tomaten', 8, 1, 48.48, 244);
INSERT INTO items (name, price, amount, gwp, receipt_id) VALUES ('Bio Avocado', 19, 1, 85.06, 244);
INSERT INTO items (name, price, amount, gwp, receipt_id) VALUES ('Bio Avocado', 5, 1, 69.73, 244);
INSERT INTO receipts (receipt_id, upload_week, user_id) VALUES (245, 24, 3);
INSERT INTO items (name, price, amount, gwp, receipt_id) VALUES ('Schnitzel', 6, 1, 81.15, 245);
INSERT INTO items (name, price, amount, gwp, receipt_id) VALUES ('Oliven', 5, 1, 29.90, 245);
INSERT INTO items (name, price, amount, gwp, receipt_id) VALUES ('Reisgetränk', 10, 1, 41.81, 245);
INSERT INTO receipts (receipt_id, upload_week, user_id) VALUES (246, 24, 7);
INSERT INTO items (name, price, amount, gwp, receipt_id) VALUES ('Bio Avocado', 2, 1, 28.28, 246);
INSERT INTO items (name, price, amount, gwp, receipt_id) VALUES ('Tomaten', 1, 1, 46.68, 246);
INSERT INTO items (name, price, amount, gwp, receipt_id) VALUES ('Bio Avocado', 15, 1, 67.06, 246);
INSERT INTO receipts (receipt_id, upload_week, user_id) VALUES (247, 24, 8);
INSERT INTO items (name, price, amount, gwp, receipt_id) VALUES ('Schnitzel', 1, 1, 80.67, 247);
INSERT INTO items (name, price, amount, gwp, receipt_id) VALUES ('Schnitzel', 5, 1, 21.30, 247);
INSERT INTO items (name, price, amount, gwp, receipt_id) VALUES ('Bio Avocado', 18, 1, 87.26, 247);
INSERT INTO receipts (receipt_id, upload_week, user_id) VALUES (248, 24, 1);
INSERT INTO items (name, price, amount, gwp, receipt_id) VALUES ('Oliven', 13, 1, 4.83, 248);
INSERT INTO items (name, price, amount, gwp, receipt_id) VALUES ('Reisgetränk', 1, 1, 63.03, 248);
INSERT INTO items (name, price, amount, gwp, receipt_id) VALUES ('Tomaten', 5, 1, 45.23, 248);
INSERT INTO receipts (receipt_id, upload_week, user_id) VALUES (249, 25, 10);
INSERT INTO items (name, price, amount, gwp, receipt_id) VALUES ('Bio Avocado', 2, 1, 49.52, 249);
INSERT INTO items (name, price, amount, gwp, receipt_id) VALUES ('Bio Avocado', 10, 1, 81.47, 249);
INSERT INTO items (name, price, amount, gwp, receipt_id) VALUES ('Tomaten', 14, 1, 76.16, 249);
INSERT INTO receipts (receipt_id, upload_week, user_id) VALUES (250, 25, 4);
INSERT INTO items (name, price, amount, gwp, receipt_id) VALUES ('Bio Avocado', 1, 1, 68.87, 250);
INSERT INTO items (name, price, amount, gwp, receipt_id) VALUES ('Protein-Stick', 6, 1, 11.85, 250);
INSERT INTO items (name, price, amount, gwp, receipt_id) VALUES ('Protein-Stick', 8, 1, 26.02, 250);
INSERT INTO receipts (receipt_id, upload_week, user_id) VALUES (251, 25, 10);
INSERT INTO items (name, price, amount, gwp, receipt_id) VALUES ('Schnitzel', 1, 1, 58.48, 251);
INSERT INTO items (name, price, amount, gwp, receipt_id) VALUES ('Reisgetränk', 7, 1, 81.59, 251);
INSERT INTO items (name, price, amount, gwp, receipt_id) VALUES ('Protein-Stick', 8, 1, 79.37, 251);
INSERT INTO receipts (receipt_id, upload_week, user_id) VALUES (252, 25, 4);
INSERT INTO items (name, price, amount, gwp, receipt_id) VALUES ('Tomaten', 4, 1, 1.25, 252);
INSERT INTO items (name, price, amount, gwp, receipt_id) VALUES ('Oliven', 3, 1, 63.83, 252);
INSERT INTO items (name, price, amount, gwp, receipt_id) VALUES ('Oliven', 7, 1, 16.16, 252);
INSERT INTO receipts (receipt_id, upload_week, user_id) VALUES (253, 25, 7);
INSERT INTO items (name, price, amount, gwp, receipt_id) VALUES ('Oliven', 19, 1, 70.34, 253);
INSERT INTO items (name, price, amount, gwp, receipt_id) VALUES ('Bio Avocado', 12, 1, 74.90, 253);
INSERT INTO items (name, price, amount, gwp, receipt_id) VALUES ('Protein-Stick', 7, 1, 34.81, 253);
INSERT INTO receipts (receipt_id, upload_week, user_id) VALUES (254, 25, 7);
INSERT INTO items (name, price, amount, gwp, receipt_id) VALUES ('Schnitzel', 8, 1, 71.86, 254);
INSERT INTO items (name, price, amount, gwp, receipt_id) VALUES ('Reisgetränk', 0, 1, 69.13, 254);
INSERT INTO items (name, price, amount, gwp, receipt_id) VALUES ('Oliven', 11, 1, 62.23, 254);
INSERT INTO receipts (receipt_id, upload_week, user_id) VALUES (255, 25, 10);
INSERT INTO items (name, price, amount, gwp, receipt_id) VALUES ('Oliven', 3, 1, 29.22, 255);
INSERT INTO items (name, price, amount, gwp, receipt_id) VALUES ('Tomaten', 0, 1, 74.15, 255);
INSERT INTO items (name, price, amount, gwp, receipt_id) VALUES ('Bio Avocado', 11, 1, 54.53, 255);
INSERT INTO receipts (receipt_id, upload_week, user_id) VALUES (256, 25, 5);
INSERT INTO items (name, price, amount, gwp, receipt_id) VALUES ('Schnitzel', 3, 1, 49.47, 256);
INSERT INTO items (name, price, amount, gwp, receipt_id) VALUES ('Reisgetränk', 15, 1, 69.13, 256);
INSERT INTO items (name, price, amount, gwp, receipt_id) VALUES ('Tomaten', 14, 1, 60.67, 256);
INSERT INTO receipts (receipt_id, upload_week, user_id) VALUES (257, 25, 2);
INSERT INTO items (name, price, amount, gwp, receipt_id) VALUES ('Tomaten', 14, 1, 10.08, 257);
INSERT INTO items (name, price, amount, gwp, receipt_id) VALUES ('Oliven', 11, 1, 29.48, 257);
INSERT INTO items (name, price, amount, gwp, receipt_id) VALUES ('Oliven', 1, 1, 14.69, 257);
INSERT INTO receipts (receipt_id, upload_week, user_id) VALUES (258, 25, 8);
INSERT INTO items (name, price, amount, gwp, receipt_id) VALUES ('Reisgetränk', 11, 1, 38.57, 258);
INSERT INTO items (name, price, amount, gwp, receipt_id) VALUES ('Oliven', 4, 1, 68.84, 258);
INSERT INTO items (name, price, amount, gwp, receipt_id) VALUES ('Bio Avocado', 4, 1, 52.52, 258);
INSERT INTO receipts (receipt_id, upload_week, user_id) VALUES (259, 25, 1);
INSERT INTO items (name, price, amount, gwp, receipt_id) VALUES ('Tomaten', 11, 1, 16.33, 259);
INSERT INTO items (name, price, amount, gwp, receipt_id) VALUES ('Protein-Stick', 1, 1, 49.86, 259);
INSERT INTO items (name, price, amount, gwp, receipt_id) VALUES ('Bio Avocado', 6, 1, 48.69, 259);
INSERT INTO receipts (receipt_id, upload_week, user_id) VALUES (260, 26, 10);
INSERT INTO items (name, price, amount, gwp, receipt_id) VALUES ('Schnitzel', 12, 1, 84.10, 260);
INSERT INTO items (name, price, amount, gwp, receipt_id) VALUES ('Oliven', 3, 1, 34.18, 260);
INSERT INTO items (name, price, amount, gwp, receipt_id) VALUES ('Tomaten', 11, 1, 68.10, 260);
INSERT INTO receipts (receipt_id, upload_week, user_id) VALUES (261, 26, 9);
INSERT INTO items (name, price, amount, gwp, receipt_id) VALUES ('Tomaten', 19, 1, 89.71, 261);
INSERT INTO items (name, price, amount, gwp, receipt_id) VALUES ('Tomaten', 0, 1, 36.26, 261);
INSERT INTO items (name, price, amount, gwp, receipt_id) VALUES ('Schnitzel', 15, 1, 28.83, 261);
INSERT INTO receipts (receipt_id, upload_week, user_id) VALUES (262, 26, 7);
INSERT INTO items (name, price, amount, gwp, receipt_id) VALUES ('Schnitzel', 8, 1, 8.73, 262);
INSERT INTO items (name, price, amount, gwp, receipt_id) VALUES ('Protein-Stick', 19, 1, 64.32, 262);
INSERT INTO items (name, price, amount, gwp, receipt_id) VALUES ('Protein-Stick', 1, 1, 35.65, 262);
INSERT INTO receipts (receipt_id, upload_week, user_id) VALUES (263, 26, 6);
INSERT INTO items (name, price, amount, gwp, receipt_id) VALUES ('Oliven', 20, 1, 44.36, 263);
INSERT INTO items (name, price, amount, gwp, receipt_id) VALUES ('Reisgetränk', 15, 1, 59.25, 263);
INSERT INTO items (name, price, amount, gwp, receipt_id) VALUES ('Schnitzel', 11, 1, 38.71, 263);
INSERT INTO receipts (receipt_id, upload_week, user_id) VALUES (264, 26, 2);
INSERT INTO items (name, price, amount, gwp, receipt_id) VALUES ('Reisgetränk', 0, 1, 7.61, 264);
INSERT INTO items (name, price, amount, gwp, receipt_id) VALUES ('Schnitzel', 18, 1, 43.89, 264);
INSERT INTO items (name, price, amount, gwp, receipt_id) VALUES ('Tomaten', 11, 1, 23.08, 264);
INSERT INTO receipts (receipt_id, upload_week, user_id) VALUES (265, 26, 9);
INSERT INTO items (name, price, amount, gwp, receipt_id) VALUES ('Oliven', 20, 1, 21.72, 265);
INSERT INTO items (name, price, amount, gwp, receipt_id) VALUES ('Bio Avocado', 20, 1, 40.74, 265);
INSERT INTO items (name, price, amount, gwp, receipt_id) VALUES ('Bio Avocado', 10, 1, 20.65, 265);
INSERT INTO receipts (receipt_id, upload_week, user_id) VALUES (266, 26, 7);
INSERT INTO items (name, price, amount, gwp, receipt_id) VALUES ('Schnitzel', 11, 1, 71.45, 266);
INSERT INTO items (name, price, amount, gwp, receipt_id) VALUES ('Reisgetränk', 20, 1, 8.61, 266);
INSERT INTO items (name, price, amount, gwp, receipt_id) VALUES ('Protein-Stick', 17, 1, 22.83, 266);
INSERT INTO receipts (receipt_id, upload_week, user_id) VALUES (267, 26, 6);
INSERT INTO items (name, price, amount, gwp, receipt_id) VALUES ('Protein-Stick', 5, 1, 67.86, 267);
INSERT INTO items (name, price, amount, gwp, receipt_id) VALUES ('Bio Avocado', 3, 1, 21.61, 267);
INSERT INTO items (name, price, amount, gwp, receipt_id) VALUES ('Protein-Stick', 3, 1, 28.99, 267);
INSERT INTO receipts (receipt_id, upload_week, user_id) VALUES (268, 26, 5);
INSERT INTO items (name, price, amount, gwp, receipt_id) VALUES ('Tomaten', 20, 1, 14.57, 268);
INSERT INTO items (name, price, amount, gwp, receipt_id) VALUES ('Schnitzel', 18, 1, 73.87, 268);
INSERT INTO items (name, price, amount, gwp, receipt_id) VALUES ('Tomaten', 14, 1, 82.67, 268);
INSERT INTO receipts (receipt_id, upload_week, user_id) VALUES (269, 26, 9);
INSERT INTO items (name, price, amount, gwp, receipt_id) VALUES ('Reisgetränk', 13, 1, 75.77, 269);
INSERT INTO items (name, price, amount, gwp, receipt_id) VALUES ('Bio Avocado', 17, 1, 80.38, 269);
INSERT INTO items (name, price, amount, gwp, receipt_id) VALUES ('Schnitzel', 15, 1, 44.83, 269);
INSERT INTO receipts (receipt_id, upload_week, user_id) VALUES (270, 26, 1);
INSERT INTO items (name, price, amount, gwp, receipt_id) VALUES ('Protein-Stick', 4, 1, 66.44, 270);
INSERT INTO items (name, price, amount, gwp, receipt_id) VALUES ('Oliven', 16, 1, 26.91, 270);
INSERT INTO items (name, price, amount, gwp, receipt_id) VALUES ('Bio Avocado', 7, 1, 61.90, 270);
INSERT INTO receipts (receipt_id, upload_week, user_id) VALUES (271, 27, 7);
INSERT INTO items (name, price, amount, gwp, receipt_id) VALUES ('Schnitzel', 13, 1, 30.22, 271);
INSERT INTO items (name, price, amount, gwp, receipt_id) VALUES ('Reisgetränk', 4, 1, 30.70, 271);
INSERT INTO items (name, price, amount, gwp, receipt_id) VALUES ('Tomaten', 20, 1, 6.07, 271);
INSERT INTO receipts (receipt_id, upload_week, user_id) VALUES (272, 27, 9);
INSERT INTO items (name, price, amount, gwp, receipt_id) VALUES ('Oliven', 2, 1, 60.20, 272);
INSERT INTO items (name, price, amount, gwp, receipt_id) VALUES ('Schnitzel', 18, 1, 63.24, 272);
INSERT INTO items (name, price, amount, gwp, receipt_id) VALUES ('Schnitzel', 10, 1, 8.66, 272);
INSERT INTO receipts (receipt_id, upload_week, user_id) VALUES (273, 27, 4);
INSERT INTO items (name, price, amount, gwp, receipt_id) VALUES ('Reisgetränk', 7, 1, 81.29, 273);
INSERT INTO items (name, price, amount, gwp, receipt_id) VALUES ('Schnitzel', 3, 1, 28.90, 273);
INSERT INTO items (name, price, amount, gwp, receipt_id) VALUES ('Tomaten', 15, 1, 41.08, 273);
INSERT INTO receipts (receipt_id, upload_week, user_id) VALUES (274, 27, 2);
INSERT INTO items (name, price, amount, gwp, receipt_id) VALUES ('Protein-Stick', 16, 1, 78.00, 274);
INSERT INTO items (name, price, amount, gwp, receipt_id) VALUES ('Schnitzel', 15, 1, 25.65, 274);
INSERT INTO items (name, price, amount, gwp, receipt_id) VALUES ('Reisgetränk', 6, 1, 53.42, 274);
INSERT INTO receipts (receipt_id, upload_week, user_id) VALUES (275, 27, 3);
INSERT INTO items (name, price, amount, gwp, receipt_id) VALUES ('Schnitzel', 6, 1, 75.70, 275);
INSERT INTO items (name, price, amount, gwp, receipt_id) VALUES ('Protein-Stick', 18, 1, 5.61, 275);
INSERT INTO items (name, price, amount, gwp, receipt_id) VALUES ('Bio Avocado', 4, 1, 11.04, 275);
INSERT INTO receipts (receipt_id, upload_week, user_id) VALUES (276, 27, 9);
INSERT INTO items (name, price, amount, gwp, receipt_id) VALUES ('Reisgetränk', 6, 1, 30.59, 276);
INSERT INTO items (name, price, amount, gwp, receipt_id) VALUES ('Tomaten', 18, 1, 36.02, 276);
INSERT INTO items (name, price, amount, gwp, receipt_id) VALUES ('Schnitzel', 6, 1, 89.15, 276);
INSERT INTO receipts (receipt_id, upload_week, user_id) VALUES (277, 27, 7);
INSERT INTO items (name, price, amount, gwp, receipt_id) VALUES ('Bio Avocado', 15, 1, 29.56, 277);
INSERT INTO items (name, price, amount, gwp, receipt_id) VALUES ('Protein-Stick', 15, 1, 57.01, 277);
INSERT INTO items (name, price, amount, gwp, receipt_id) VALUES ('Tomaten', 12, 1, 71.42, 277);
INSERT INTO receipts (receipt_id, upload_week, user_id) VALUES (278, 27, 6);
INSERT INTO items (name, price, amount, gwp, receipt_id) VALUES ('Tomaten', 2, 1, 85.21, 278);
INSERT INTO items (name, price, amount, gwp, receipt_id) VALUES ('Protein-Stick', 6, 1, 35.19, 278);
INSERT INTO items (name, price, amount, gwp, receipt_id) VALUES ('Tomaten', 11, 1, 33.19, 278);
INSERT INTO receipts (receipt_id, upload_week, user_id) VALUES (279, 27, 4);
INSERT INTO items (name, price, amount, gwp, receipt_id) VALUES ('Oliven', 14, 1, 10.19, 279);
INSERT INTO items (name, price, amount, gwp, receipt_id) VALUES ('Tomaten', 4, 1, 4.41, 279);
INSERT INTO items (name, price, amount, gwp, receipt_id) VALUES ('Schnitzel', 4, 1, 74.76, 279);
INSERT INTO receipts (receipt_id, upload_week, user_id) VALUES (280, 27, 3);
INSERT INTO items (name, price, amount, gwp, receipt_id) VALUES ('Tomaten', 3, 1, 48.85, 280);
INSERT INTO items (name, price, amount, gwp, receipt_id) VALUES ('Tomaten', 2, 1, 89.01, 280);
INSERT INTO items (name, price, amount, gwp, receipt_id) VALUES ('Reisgetränk', 16, 1, 43.90, 280);
INSERT INTO receipts (receipt_id, upload_week, user_id) VALUES (281, 27, 1);
INSERT INTO items (name, price, amount, gwp, receipt_id) VALUES ('Protein-Stick', 3, 1, 51.80, 281);
INSERT INTO items (name, price, amount, gwp, receipt_id) VALUES ('Bio Avocado', 0, 1, 17.99, 281);
INSERT INTO items (name, price, amount, gwp, receipt_id) VALUES ('Bio Avocado', 11, 1, 77.12, 281);
INSERT INTO receipts (receipt_id, upload_week, user_id) VALUES (282, 28, 10);
INSERT INTO items (name, price, amount, gwp, receipt_id) VALUES ('Bio Avocado', 11, 1, 24.99, 282);
INSERT INTO items (name, price, amount, gwp, receipt_id) VALUES ('Tomaten', 14, 1, 59.23, 282);
INSERT INTO items (name, price, amount, gwp, receipt_id) VALUES ('Tomaten', 1, 1, 37.30, 282);
INSERT INTO receipts (receipt_id, upload_week, user_id) VALUES (283, 28, 7);
INSERT INTO items (name, price, amount, gwp, receipt_id) VALUES ('Tomaten', 10, 1, 0.57, 283);
INSERT INTO items (name, price, amount, gwp, receipt_id) VALUES ('Tomaten', 3, 1, 0.40, 283);
INSERT INTO items (name, price, amount, gwp, receipt_id) VALUES ('Reisgetränk', 1, 1, 28.05, 283);
INSERT INTO receipts (receipt_id, upload_week, user_id) VALUES (284, 28, 9);
INSERT INTO items (name, price, amount, gwp, receipt_id) VALUES ('Tomaten', 3, 1, 35.35, 284);
INSERT INTO items (name, price, amount, gwp, receipt_id) VALUES ('Reisgetränk', 8, 1, 69.76, 284);
INSERT INTO items (name, price, amount, gwp, receipt_id) VALUES ('Protein-Stick', 8, 1, 3.38, 284);
INSERT INTO receipts (receipt_id, upload_week, user_id) VALUES (285, 28, 4);
INSERT INTO items (name, price, amount, gwp, receipt_id) VALUES ('Oliven', 4, 1, 26.04, 285);
INSERT INTO items (name, price, amount, gwp, receipt_id) VALUES ('Tomaten', 16, 1, 11.48, 285);
INSERT INTO items (name, price, amount, gwp, receipt_id) VALUES ('Oliven', 16, 1, 12.64, 285);
INSERT INTO receipts (receipt_id, upload_week, user_id) VALUES (286, 28, 8);
INSERT INTO items (name, price, amount, gwp, receipt_id) VALUES ('Reisgetränk', 4, 1, 22.34, 286);
INSERT INTO items (name, price, amount, gwp, receipt_id) VALUES ('Bio Avocado', 1, 1, 31.99, 286);
INSERT INTO items (name, price, amount, gwp, receipt_id) VALUES ('Bio Avocado', 20, 1, 46.71, 286);
INSERT INTO receipts (receipt_id, upload_week, user_id) VALUES (287, 28, 4);
INSERT INTO items (name, price, amount, gwp, receipt_id) VALUES ('Bio Avocado', 12, 1, 89.87, 287);
INSERT INTO items (name, price, amount, gwp, receipt_id) VALUES ('Bio Avocado', 17, 1, 45.02, 287);
INSERT INTO items (name, price, amount, gwp, receipt_id) VALUES ('Reisgetränk', 20, 1, 68.90, 287);
INSERT INTO receipts (receipt_id, upload_week, user_id) VALUES (288, 28, 4);
INSERT INTO items (name, price, amount, gwp, receipt_id) VALUES ('Schnitzel', 0, 1, 36.76, 288);
INSERT INTO items (name, price, amount, gwp, receipt_id) VALUES ('Reisgetränk', 11, 1, 11.74, 288);
INSERT INTO items (name, price, amount, gwp, receipt_id) VALUES ('Reisgetränk', 2, 1, 16.86, 288);
INSERT INTO receipts (receipt_id, upload_week, user_id) VALUES (289, 28, 9);
INSERT INTO items (name, price, amount, gwp, receipt_id) VALUES ('Protein-Stick', 17, 1, 83.09, 289);
INSERT INTO items (name, price, amount, gwp, receipt_id) VALUES ('Schnitzel', 18, 1, 81.61, 289);
INSERT INTO items (name, price, amount, gwp, receipt_id) VALUES ('Oliven', 20, 1, 29.81, 289);
INSERT INTO receipts (receipt_id, upload_week, user_id) VALUES (290, 28, 6);
INSERT INTO items (name, price, amount, gwp, receipt_id) VALUES ('Bio Avocado', 6, 1, 67.94, 290);
INSERT INTO items (name, price, amount, gwp, receipt_id) VALUES ('Oliven', 5, 1, 2.47, 290);
INSERT INTO items (name, price, amount, gwp, receipt_id) VALUES ('Tomaten', 11, 1, 69.02, 290);
INSERT INTO receipts (receipt_id, upload_week, user_id) VALUES (291, 28, 1);
INSERT INTO items (name, price, amount, gwp, receipt_id) VALUES ('Tomaten', 11, 1, 78.72, 291);
INSERT INTO items (name, price, amount, gwp, receipt_id) VALUES ('Oliven', 12, 1, 42.80, 291);
INSERT INTO items (name, price, amount, gwp, receipt_id) VALUES ('Reisgetränk', 9, 1, 26.16, 291);
INSERT INTO receipts (receipt_id, upload_week, user_id) VALUES (292, 29, 6);
INSERT INTO items (name, price, amount, gwp, receipt_id) VALUES ('Tomaten', 18, 1, 87.32, 292);
INSERT INTO items (name, price, amount, gwp, receipt_id) VALUES ('Reisgetränk', 20, 1, 33.27, 292);
INSERT INTO items (name, price, amount, gwp, receipt_id) VALUES ('Oliven', 3, 1, 20.81, 292);
INSERT INTO receipts (receipt_id, upload_week, user_id) VALUES (293, 29, 6);
INSERT INTO items (name, price, amount, gwp, receipt_id) VALUES ('Tomaten', 9, 1, 23.38, 293);
INSERT INTO items (name, price, amount, gwp, receipt_id) VALUES ('Tomaten', 13, 1, 73.82, 293);
INSERT INTO items (name, price, amount, gwp, receipt_id) VALUES ('Protein-Stick', 13, 1, 34.45, 293);
INSERT INTO receipts (receipt_id, upload_week, user_id) VALUES (294, 29, 10);
INSERT INTO items (name, price, amount, gwp, receipt_id) VALUES ('Bio Avocado', 4, 1, 4.49, 294);
INSERT INTO items (name, price, amount, gwp, receipt_id) VALUES ('Reisgetränk', 7, 1, 56.78, 294);
INSERT INTO items (name, price, amount, gwp, receipt_id) VALUES ('Reisgetränk', 20, 1, 56.56, 294);
INSERT INTO receipts (receipt_id, upload_week, user_id) VALUES (295, 29, 7);
INSERT INTO items (name, price, amount, gwp, receipt_id) VALUES ('Protein-Stick', 0, 1, 14.57, 295);
INSERT INTO items (name, price, amount, gwp, receipt_id) VALUES ('Tomaten', 9, 1, 62.97, 295);
INSERT INTO items (name, price, amount, gwp, receipt_id) VALUES ('Tomaten', 5, 1, 21.30, 295);
INSERT INTO receipts (receipt_id, upload_week, user_id) VALUES (296, 29, 4);
INSERT INTO items (name, price, amount, gwp, receipt_id) VALUES ('Tomaten', 15, 1, 27.38, 296);
INSERT INTO items (name, price, amount, gwp, receipt_id) VALUES ('Bio Avocado', 7, 1, 16.15, 296);
INSERT INTO items (name, price, amount, gwp, receipt_id) VALUES ('Schnitzel', 12, 1, 58.06, 296);
INSERT INTO receipts (receipt_id, upload_week, user_id) VALUES (297, 29, 2);
INSERT INTO items (name, price, amount, gwp, receipt_id) VALUES ('Bio Avocado', 16, 1, 5.00, 297);
INSERT INTO items (name, price, amount, gwp, receipt_id) VALUES ('Tomaten', 6, 1, 88.86, 297);
INSERT INTO items (name, price, amount, gwp, receipt_id) VALUES ('Bio Avocado', 19, 1, 70.49, 297);
INSERT INTO receipts (receipt_id, upload_week, user_id) VALUES (298, 29, 9);
INSERT INTO items (name, price, amount, gwp, receipt_id) VALUES ('Protein-Stick', 8, 1, 34.82, 298);
INSERT INTO items (name, price, amount, gwp, receipt_id) VALUES ('Oliven', 10, 1, 65.28, 298);
INSERT INTO items (name, price, amount, gwp, receipt_id) VALUES ('Bio Avocado', 2, 1, 56.99, 298);
INSERT INTO receipts (receipt_id, upload_week, user_id) VALUES (299, 29, 10);
INSERT INTO items (name, price, amount, gwp, receipt_id) VALUES ('Schnitzel', 19, 1, 36.82, 299);
INSERT INTO items (name, price, amount, gwp, receipt_id) VALUES ('Bio Avocado', 12, 1, 89.57, 299);
INSERT INTO items (name, price, amount, gwp, receipt_id) VALUES ('Protein-Stick', 17, 1, 19.57, 299);
INSERT INTO receipts (receipt_id, upload_week, user_id) VALUES (300, 29, 1);
INSERT INTO items (name, price, amount, gwp, receipt_id) VALUES ('Schnitzel', 7, 1, 41.44, 300);
INSERT INTO items (name, price, amount, gwp, receipt_id) VALUES ('Bio Avocado', 11, 1, 13.21, 300);
INSERT INTO items (name, price, amount, gwp, receipt_id) VALUES ('Schnitzel', 5, 1, 0.35, 300);
INSERT INTO receipts (receipt_id, upload_week, user_id) VALUES (301, 30, 5);
INSERT INTO items (name, price, amount, gwp, receipt_id) VALUES ('Tomaten', 8, 1, 30.42, 301);
INSERT INTO items (name, price, amount, gwp, receipt_id) VALUES ('Schnitzel', 7, 1, 38.67, 301);
INSERT INTO items (name, price, amount, gwp, receipt_id) VALUES ('Reisgetränk', 19, 1, 51.60, 301);
INSERT INTO receipts (receipt_id, upload_week, user_id) VALUES (302, 30, 10);
INSERT INTO items (name, price, amount, gwp, receipt_id) VALUES ('Reisgetränk', 0, 1, 16.44, 302);
INSERT INTO items (name, price, amount, gwp, receipt_id) VALUES ('Reisgetränk', 7, 1, 15.09, 302);
INSERT INTO items (name, price, amount, gwp, receipt_id) VALUES ('Schnitzel', 12, 1, 85.78, 302);
INSERT INTO receipts (receipt_id, upload_week, user_id) VALUES (303, 30, 5);
INSERT INTO items (name, price, amount, gwp, receipt_id) VALUES ('Bio Avocado', 7, 1, 70.19, 303);
INSERT INTO items (name, price, amount, gwp, receipt_id) VALUES ('Protein-Stick', 3, 1, 59.22, 303);
INSERT INTO items (name, price, amount, gwp, receipt_id) VALUES ('Schnitzel', 4, 1, 14.11, 303);
INSERT INTO receipts (receipt_id, upload_week, user_id) VALUES (304, 30, 6);
INSERT INTO items (name, price, amount, gwp, receipt_id) VALUES ('Reisgetränk', 13, 1, 17.54, 304);
INSERT INTO items (name, price, amount, gwp, receipt_id) VALUES ('Oliven', 19, 1, 5.10, 304);
INSERT INTO items (name, price, amount, gwp, receipt_id) VALUES ('Protein-Stick', 6, 1, 44.08, 304);
INSERT INTO receipts (receipt_id, upload_week, user_id) VALUES (305, 30, 10);
INSERT INTO items (name, price, amount, gwp, receipt_id) VALUES ('Bio Avocado', 14, 1, 71.36, 305);
INSERT INTO items (name, price, amount, gwp, receipt_id) VALUES ('Tomaten', 15, 1, 56.86, 305);
INSERT INTO items (name, price, amount, gwp, receipt_id) VALUES ('Bio Avocado', 17, 1, 89.91, 305);
INSERT INTO receipts (receipt_id, upload_week, user_id) VALUES (306, 30, 7);
INSERT INTO items (name, price, amount, gwp, receipt_id) VALUES ('Schnitzel', 12, 1, 53.76, 306);
INSERT INTO items (name, price, amount, gwp, receipt_id) VALUES ('Oliven', 9, 1, 41.49, 306);
INSERT INTO items (name, price, amount, gwp, receipt_id) VALUES ('Tomaten', 13, 1, 70.24, 306);
INSERT INTO receipts (receipt_id, upload_week, user_id) VALUES (307, 30, 10);
INSERT INTO items (name, price, amount, gwp, receipt_id) VALUES ('Schnitzel', 1, 1, 23.75, 307);
INSERT INTO items (name, price, amount, gwp, receipt_id) VALUES ('Schnitzel', 3, 1, 37.75, 307);
INSERT INTO items (name, price, amount, gwp, receipt_id) VALUES ('Tomaten', 13, 1, 88.19, 307);
INSERT INTO receipts (receipt_id, upload_week, user_id) VALUES (308, 30, 2);
INSERT INTO items (name, price, amount, gwp, receipt_id) VALUES ('Reisgetränk', 1, 1, 45.82, 308);
INSERT INTO items (name, price, amount, gwp, receipt_id) VALUES ('Bio Avocado', 6, 1, 63.59, 308);
INSERT INTO items (name, price, amount, gwp, receipt_id) VALUES ('Protein-Stick', 13, 1, 70.57, 308);
INSERT INTO receipts (receipt_id, upload_week, user_id) VALUES (309, 30, 7);
INSERT INTO items (name, price, amount, gwp, receipt_id) VALUES ('Oliven', 17, 1, 2.57, 309);
INSERT INTO items (name, price, amount, gwp, receipt_id) VALUES ('Schnitzel', 16, 1, 40.88, 309);
INSERT INTO items (name, price, amount, gwp, receipt_id) VALUES ('Tomaten', 7, 1, 60.88, 309);
INSERT INTO receipts (receipt_id, upload_week, user_id) VALUES (310, 30, 1);
INSERT INTO items (name, price, amount, gwp, receipt_id) VALUES ('Oliven', 12, 1, 38.04, 310);
INSERT INTO items (name, price, amount, gwp, receipt_id) VALUES ('Bio Avocado', 4, 1, 59.16, 310);
INSERT INTO items (name, price, amount, gwp, receipt_id) VALUES ('Bio Avocado', 3, 1, 43.92, 310);
INSERT INTO receipts (receipt_id, upload_week, user_id) VALUES (311, 31, 9);
INSERT INTO items (name, price, amount, gwp, receipt_id) VALUES ('Oliven', 16, 1, 59.42, 311);
INSERT INTO items (name, price, amount, gwp, receipt_id) VALUES ('Bio Avocado', 9, 1, 56.74, 311);
INSERT INTO items (name, price, amount, gwp, receipt_id) VALUES ('Schnitzel', 5, 1, 70.03, 311);
INSERT INTO receipts (receipt_id, upload_week, user_id) VALUES (312, 31, 5);
INSERT INTO items (name, price, amount, gwp, receipt_id) VALUES ('Reisgetränk', 0, 1, 41.95, 312);
INSERT INTO items (name, price, amount, gwp, receipt_id) VALUES ('Protein-Stick', 4, 1, 17.05, 312);
INSERT INTO items (name, price, amount, gwp, receipt_id) VALUES ('Schnitzel', 8, 1, 19.19, 312);
INSERT INTO receipts (receipt_id, upload_week, user_id) VALUES (313, 31, 10);
INSERT INTO items (name, price, amount, gwp, receipt_id) VALUES ('Protein-Stick', 13, 1, 29.37, 313);
INSERT INTO items (name, price, amount, gwp, receipt_id) VALUES ('Oliven', 8, 1, 27.46, 313);
INSERT INTO items (name, price, amount, gwp, receipt_id) VALUES ('Tomaten', 0, 1, 21.99, 313);
INSERT INTO receipts (receipt_id, upload_week, user_id) VALUES (314, 31, 5);
INSERT INTO items (name, price, amount, gwp, receipt_id) VALUES ('Oliven', 7, 1, 8.21, 314);
INSERT INTO items (name, price, amount, gwp, receipt_id) VALUES ('Tomaten', 3, 1, 16.51, 314);
INSERT INTO items (name, price, amount, gwp, receipt_id) VALUES ('Bio Avocado', 5, 1, 36.27, 314);
INSERT INTO receipts (receipt_id, upload_week, user_id) VALUES (315, 31, 2);
INSERT INTO items (name, price, amount, gwp, receipt_id) VALUES ('Protein-Stick', 16, 1, 27.83, 315);
INSERT INTO items (name, price, amount, gwp, receipt_id) VALUES ('Protein-Stick', 18, 1, 80.70, 315);
INSERT INTO items (name, price, amount, gwp, receipt_id) VALUES ('Protein-Stick', 7, 1, 85.62, 315);
INSERT INTO receipts (receipt_id, upload_week, user_id) VALUES (316, 31, 2);
INSERT INTO items (name, price, amount, gwp, receipt_id) VALUES ('Protein-Stick', 9, 1, 25.97, 316);
INSERT INTO items (name, price, amount, gwp, receipt_id) VALUES ('Schnitzel', 12, 1, 18.17, 316);
INSERT INTO items (name, price, amount, gwp, receipt_id) VALUES ('Schnitzel', 9, 1, 0.87, 316);
INSERT INTO receipts (receipt_id, upload_week, user_id) VALUES (317, 31, 3);
INSERT INTO items (name, price, amount, gwp, receipt_id) VALUES ('Reisgetränk', 13, 1, 30.03, 317);
INSERT INTO items (name, price, amount, gwp, receipt_id) VALUES ('Reisgetränk', 14, 1, 52.34, 317);
INSERT INTO items (name, price, amount, gwp, receipt_id) VALUES ('Bio Avocado', 19, 1, 8.44, 317);
INSERT INTO receipts (receipt_id, upload_week, user_id) VALUES (318, 31, 2);
INSERT INTO items (name, price, amount, gwp, receipt_id) VALUES ('Bio Avocado', 16, 1, 50.62, 318);
INSERT INTO items (name, price, amount, gwp, receipt_id) VALUES ('Oliven', 7, 1, 21.43, 318);
INSERT INTO items (name, price, amount, gwp, receipt_id) VALUES ('Tomaten', 8, 1, 46.87, 318);
INSERT INTO receipts (receipt_id, upload_week, user_id) VALUES (319, 31, 1);
INSERT INTO items (name, price, amount, gwp, receipt_id) VALUES ('Schnitzel', 1, 1, 24.48, 319);
INSERT INTO items (name, price, amount, gwp, receipt_id) VALUES ('Bio Avocado', 2, 1, 5.10, 319);
INSERT INTO items (name, price, amount, gwp, receipt_id) VALUES ('Protein-Stick', 18, 1, 11.50, 319);
INSERT INTO receipts (receipt_id, upload_week, user_id) VALUES (320, 32, 8);
INSERT INTO items (name, price, amount, gwp, receipt_id) VALUES ('Tomaten', 15, 1, 76.33, 320);
INSERT INTO items (name, price, amount, gwp, receipt_id) VALUES ('Oliven', 2, 1, 82.58, 320);
INSERT INTO items (name, price, amount, gwp, receipt_id) VALUES ('Bio Avocado', 7, 1, 55.17, 320);
INSERT INTO receipts (receipt_id, upload_week, user_id) VALUES (321, 32, 7);
INSERT INTO items (name, price, amount, gwp, receipt_id) VALUES ('Oliven', 17, 1, 27.11, 321);
INSERT INTO items (name, price, amount, gwp, receipt_id) VALUES ('Reisgetränk', 15, 1, 85.37, 321);
INSERT INTO items (name, price, amount, gwp, receipt_id) VALUES ('Schnitzel', 15, 1, 19.93, 321);
INSERT INTO receipts (receipt_id, upload_week, user_id) VALUES (322, 32, 7);
INSERT INTO items (name, price, amount, gwp, receipt_id) VALUES ('Oliven', 10, 1, 72.04, 322);
INSERT INTO items (name, price, amount, gwp, receipt_id) VALUES ('Tomaten', 1, 1, 31.21, 322);
INSERT INTO items (name, price, amount, gwp, receipt_id) VALUES ('Oliven', 18, 1, 60.51, 322);
INSERT INTO receipts (receipt_id, upload_week, user_id) VALUES (323, 32, 9);
INSERT INTO items (name, price, amount, gwp, receipt_id) VALUES ('Schnitzel', 8, 1, 70.80, 323);
INSERT INTO items (name, price, amount, gwp, receipt_id) VALUES ('Tomaten', 5, 1, 71.25, 323);
INSERT INTO items (name, price, amount, gwp, receipt_id) VALUES ('Bio Avocado', 20, 1, 86.49, 323);
INSERT INTO receipts (receipt_id, upload_week, user_id) VALUES (324, 32, 10);
INSERT INTO items (name, price, amount, gwp, receipt_id) VALUES ('Reisgetränk', 19, 1, 48.25, 324);
INSERT INTO items (name, price, amount, gwp, receipt_id) VALUES ('Schnitzel', 14, 1, 82.02, 324);
INSERT INTO items (name, price, amount, gwp, receipt_id) VALUES ('Oliven', 12, 1, 23.84, 324);
INSERT INTO receipts (receipt_id, upload_week, user_id) VALUES (325, 32, 9);
INSERT INTO items (name, price, amount, gwp, receipt_id) VALUES ('Oliven', 7, 1, 61.74, 325);
INSERT INTO items (name, price, amount, gwp, receipt_id) VALUES ('Schnitzel', 20, 1, 0.68, 325);
INSERT INTO items (name, price, amount, gwp, receipt_id) VALUES ('Reisgetränk', 19, 1, 46.91, 325);
INSERT INTO receipts (receipt_id, upload_week, user_id) VALUES (326, 32, 2);
INSERT INTO items (name, price, amount, gwp, receipt_id) VALUES ('Tomaten', 4, 1, 16.86, 326);
INSERT INTO items (name, price, amount, gwp, receipt_id) VALUES ('Reisgetränk', 14, 1, 51.01, 326);
INSERT INTO items (name, price, amount, gwp, receipt_id) VALUES ('Oliven', 5, 1, 47.43, 326);
INSERT INTO receipts (receipt_id, upload_week, user_id) VALUES (327, 32, 10);
INSERT INTO items (name, price, amount, gwp, receipt_id) VALUES ('Oliven', 0, 1, 52.58, 327);
INSERT INTO items (name, price, amount, gwp, receipt_id) VALUES ('Bio Avocado', 5, 1, 22.97, 327);
INSERT INTO items (name, price, amount, gwp, receipt_id) VALUES ('Tomaten', 0, 1, 68.27, 327);
INSERT INTO receipts (receipt_id, upload_week, user_id) VALUES (328, 32, 1);
INSERT INTO items (name, price, amount, gwp, receipt_id) VALUES ('Bio Avocado', 16, 1, 65.41, 328);
INSERT INTO items (name, price, amount, gwp, receipt_id) VALUES ('Oliven', 16, 1, 63.26, 328);
INSERT INTO items (name, price, amount, gwp, receipt_id) VALUES ('Bio Avocado', 3, 1, 56.02, 328);
INSERT INTO receipts (receipt_id, upload_week, user_id) VALUES (329, 33, 10);
INSERT INTO items (name, price, amount, gwp, receipt_id) VALUES ('Reisgetränk', 11, 1, 28.39, 329);
INSERT INTO items (name, price, amount, gwp, receipt_id) VALUES ('Bio Avocado', 19, 1, 11.84, 329);
INSERT INTO items (name, price, amount, gwp, receipt_id) VALUES ('Protein-Stick', 10, 1, 7.28, 329);
INSERT INTO receipts (receipt_id, upload_week, user_id) VALUES (330, 33, 8);
INSERT INTO items (name, price, amount, gwp, receipt_id) VALUES ('Reisgetränk', 18, 1, 85.64, 330);
INSERT INTO items (name, price, amount, gwp, receipt_id) VALUES ('Schnitzel', 4, 1, 58.54, 330);
INSERT INTO items (name, price, amount, gwp, receipt_id) VALUES ('Reisgetränk', 8, 1, 1.02, 330);
INSERT INTO receipts (receipt_id, upload_week, user_id) VALUES (331, 33, 7);
INSERT INTO items (name, price, amount, gwp, receipt_id) VALUES ('Oliven', 11, 1, 6.44, 331);
INSERT INTO items (name, price, amount, gwp, receipt_id) VALUES ('Protein-Stick', 13, 1, 20.08, 331);
INSERT INTO items (name, price, amount, gwp, receipt_id) VALUES ('Tomaten', 7, 1, 61.67, 331);
INSERT INTO receipts (receipt_id, upload_week, user_id) VALUES (332, 33, 3);
INSERT INTO items (name, price, amount, gwp, receipt_id) VALUES ('Protein-Stick', 3, 1, 37.81, 332);
INSERT INTO items (name, price, amount, gwp, receipt_id) VALUES ('Protein-Stick', 13, 1, 18.10, 332);
INSERT INTO items (name, price, amount, gwp, receipt_id) VALUES ('Schnitzel', 13, 1, 8.16, 332);
INSERT INTO receipts (receipt_id, upload_week, user_id) VALUES (333, 33, 8);
INSERT INTO items (name, price, amount, gwp, receipt_id) VALUES ('Bio Avocado', 1, 1, 17.23, 333);
INSERT INTO items (name, price, amount, gwp, receipt_id) VALUES ('Bio Avocado', 18, 1, 43.19, 333);
INSERT INTO items (name, price, amount, gwp, receipt_id) VALUES ('Schnitzel', 4, 1, 35.72, 333);
INSERT INTO receipts (receipt_id, upload_week, user_id) VALUES (334, 33, 8);
INSERT INTO items (name, price, amount, gwp, receipt_id) VALUES ('Schnitzel', 15, 1, 89.61, 334);
INSERT INTO items (name, price, amount, gwp, receipt_id) VALUES ('Tomaten', 14, 1, 16.13, 334);
INSERT INTO items (name, price, amount, gwp, receipt_id) VALUES ('Bio Avocado', 16, 1, 89.91, 334);
INSERT INTO receipts (receipt_id, upload_week, user_id) VALUES (335, 33, 8);
INSERT INTO items (name, price, amount, gwp, receipt_id) VALUES ('Schnitzel', 9, 1, 24.09, 335);
INSERT INTO items (name, price, amount, gwp, receipt_id) VALUES ('Protein-Stick', 6, 1, 78.98, 335);
INSERT INTO items (name, price, amount, gwp, receipt_id) VALUES ('Protein-Stick', 4, 1, 18.51, 335);
INSERT INTO receipts (receipt_id, upload_week, user_id) VALUES (336, 33, 10);
INSERT INTO items (name, price, amount, gwp, receipt_id) VALUES ('Protein-Stick', 13, 1, 17.05, 336);
INSERT INTO items (name, price, amount, gwp, receipt_id) VALUES ('Oliven', 15, 1, 76.15, 336);
INSERT INTO items (name, price, amount, gwp, receipt_id) VALUES ('Bio Avocado', 11, 1, 89.20, 336);
INSERT INTO receipts (receipt_id, upload_week, user_id) VALUES (337, 33, 10);
INSERT INTO items (name, price, amount, gwp, receipt_id) VALUES ('Tomaten', 6, 1, 54.88, 337);
INSERT INTO items (name, price, amount, gwp, receipt_id) VALUES ('Tomaten', 5, 1, 30.95, 337);
INSERT INTO items (name, price, amount, gwp, receipt_id) VALUES ('Tomaten', 2, 1, 86.49, 337);
INSERT INTO receipts (receipt_id, upload_week, user_id) VALUES (338, 33, 3);
INSERT INTO items (name, price, amount, gwp, receipt_id) VALUES ('Oliven', 18, 1, 52.20, 338);
INSERT INTO items (name, price, amount, gwp, receipt_id) VALUES ('Reisgetränk', 4, 1, 70.66, 338);
INSERT INTO items (name, price, amount, gwp, receipt_id) VALUES ('Oliven', 5, 1, 20.44, 338);
INSERT INTO receipts (receipt_id, upload_week, user_id) VALUES (339, 33, 1);
INSERT INTO items (name, price, amount, gwp, receipt_id) VALUES ('Tomaten', 3, 1, 60.80, 339);
INSERT INTO items (name, price, amount, gwp, receipt_id) VALUES ('Reisgetränk', 2, 1, 72.83, 339);
INSERT INTO items (name, price, amount, gwp, receipt_id) VALUES ('Oliven', 19, 1, 59.00, 339);
INSERT INTO receipts (receipt_id, upload_week, user_id) VALUES (340, 34, 5);
INSERT INTO items (name, price, amount, gwp, receipt_id) VALUES ('Protein-Stick', 14, 1, 12.03, 340);
INSERT INTO items (name, price, amount, gwp, receipt_id) VALUES ('Schnitzel', 12, 1, 17.28, 340);
INSERT INTO items (name, price, amount, gwp, receipt_id) VALUES ('Bio Avocado', 6, 1, 19.29, 340);
INSERT INTO receipts (receipt_id, upload_week, user_id) VALUES (341, 34, 9);
INSERT INTO items (name, price, amount, gwp, receipt_id) VALUES ('Tomaten', 7, 1, 51.04, 341);
INSERT INTO items (name, price, amount, gwp, receipt_id) VALUES ('Tomaten', 3, 1, 12.89, 341);
INSERT INTO items (name, price, amount, gwp, receipt_id) VALUES ('Oliven', 13, 1, 38.44, 341);
INSERT INTO receipts (receipt_id, upload_week, user_id) VALUES (342, 34, 10);
INSERT INTO items (name, price, amount, gwp, receipt_id) VALUES ('Protein-Stick', 7, 1, 2.49, 342);
INSERT INTO items (name, price, amount, gwp, receipt_id) VALUES ('Protein-Stick', 2, 1, 60.49, 342);
INSERT INTO items (name, price, amount, gwp, receipt_id) VALUES ('Oliven', 10, 1, 32.91, 342);
INSERT INTO receipts (receipt_id, upload_week, user_id) VALUES (343, 34, 6);
INSERT INTO items (name, price, amount, gwp, receipt_id) VALUES ('Tomaten', 10, 1, 35.81, 343);
INSERT INTO items (name, price, amount, gwp, receipt_id) VALUES ('Reisgetränk', 17, 1, 18.78, 343);
INSERT INTO items (name, price, amount, gwp, receipt_id) VALUES ('Schnitzel', 4, 1, 71.32, 343);
INSERT INTO receipts (receipt_id, upload_week, user_id) VALUES (344, 34, 2);
INSERT INTO items (name, price, amount, gwp, receipt_id) VALUES ('Protein-Stick', 7, 1, 61.00, 344);
INSERT INTO items (name, price, amount, gwp, receipt_id) VALUES ('Schnitzel', 18, 1, 86.67, 344);
INSERT INTO items (name, price, amount, gwp, receipt_id) VALUES ('Reisgetränk', 20, 1, 56.01, 344);
INSERT INTO receipts (receipt_id, upload_week, user_id) VALUES (345, 34, 8);
INSERT INTO items (name, price, amount, gwp, receipt_id) VALUES ('Oliven', 9, 1, 42.26, 345);
INSERT INTO items (name, price, amount, gwp, receipt_id) VALUES ('Protein-Stick', 4, 1, 51.66, 345);
INSERT INTO items (name, price, amount, gwp, receipt_id) VALUES ('Bio Avocado', 5, 1, 6.97, 345);
INSERT INTO receipts (receipt_id, upload_week, user_id) VALUES (346, 34, 6);
INSERT INTO items (name, price, amount, gwp, receipt_id) VALUES ('Tomaten', 7, 1, 29.61, 346);
INSERT INTO items (name, price, amount, gwp, receipt_id) VALUES ('Protein-Stick', 13, 1, 43.18, 346);
INSERT INTO items (name, price, amount, gwp, receipt_id) VALUES ('Bio Avocado', 8, 1, 59.25, 346);
INSERT INTO receipts (receipt_id, upload_week, user_id) VALUES (347, 34, 10);
INSERT INTO items (name, price, amount, gwp, receipt_id) VALUES ('Protein-Stick', 13, 1, 9.63, 347);
INSERT INTO items (name, price, amount, gwp, receipt_id) VALUES ('Schnitzel', 7, 1, 76.64, 347);
INSERT INTO items (name, price, amount, gwp, receipt_id) VALUES ('Tomaten', 15, 1, 0.29, 347);
INSERT INTO receipts (receipt_id, upload_week, user_id) VALUES (348, 34, 6);
INSERT INTO items (name, price, amount, gwp, receipt_id) VALUES ('Schnitzel', 4, 1, 34.44, 348);
INSERT INTO items (name, price, amount, gwp, receipt_id) VALUES ('Protein-Stick', 1, 1, 69.72, 348);
INSERT INTO items (name, price, amount, gwp, receipt_id) VALUES ('Protein-Stick', 9, 1, 32.16, 348);
INSERT INTO receipts (receipt_id, upload_week, user_id) VALUES (349, 34, 8);
INSERT INTO items (name, price, amount, gwp, receipt_id) VALUES ('Schnitzel', 6, 1, 58.21, 349);
INSERT INTO items (name, price, amount, gwp, receipt_id) VALUES ('Bio Avocado', 4, 1, 14.28, 349);
INSERT INTO items (name, price, amount, gwp, receipt_id) VALUES ('Schnitzel', 3, 1, 2.18, 349);
INSERT INTO receipts (receipt_id, upload_week, user_id) VALUES (350, 34, 1);
INSERT INTO items (name, price, amount, gwp, receipt_id) VALUES ('Bio Avocado', 12, 1, 47.97, 350);
INSERT INTO items (name, price, amount, gwp, receipt_id) VALUES ('Protein-Stick', 9, 1, 52.30, 350);
INSERT INTO items (name, price, amount, gwp, receipt_id) VALUES ('Bio Avocado', 20, 1, 20.20, 350);
INSERT INTO receipts (receipt_id, upload_week, user_id) VALUES (351, 35, 8);
INSERT INTO items (name, price, amount, gwp, receipt_id) VALUES ('Schnitzel', 8, 1, 70.88, 351);
INSERT INTO items (name, price, amount, gwp, receipt_id) VALUES ('Schnitzel', 5, 1, 10.10, 351);
INSERT INTO items (name, price, amount, gwp, receipt_id) VALUES ('Oliven', 8, 1, 38.16, 351);
INSERT INTO receipts (receipt_id, upload_week, user_id) VALUES (352, 35, 6);
INSERT INTO items (name, price, amount, gwp, receipt_id) VALUES ('Bio Avocado', 11, 1, 5.87, 352);
INSERT INTO items (name, price, amount, gwp, receipt_id) VALUES ('Bio Avocado', 13, 1, 66.54, 352);
INSERT INTO items (name, price, amount, gwp, receipt_id) VALUES ('Reisgetränk', 4, 1, 61.63, 352);
INSERT INTO receipts (receipt_id, upload_week, user_id) VALUES (353, 35, 6);
INSERT INTO items (name, price, amount, gwp, receipt_id) VALUES ('Protein-Stick', 9, 1, 13.24, 353);
INSERT INTO items (name, price, amount, gwp, receipt_id) VALUES ('Reisgetränk', 11, 1, 28.00, 353);
INSERT INTO items (name, price, amount, gwp, receipt_id) VALUES ('Tomaten', 14, 1, 53.12, 353);
INSERT INTO receipts (receipt_id, upload_week, user_id) VALUES (354, 35, 3);
INSERT INTO items (name, price, amount, gwp, receipt_id) VALUES ('Protein-Stick', 1, 1, 55.52, 354);
INSERT INTO items (name, price, amount, gwp, receipt_id) VALUES ('Bio Avocado', 8, 1, 30.74, 354);
INSERT INTO items (name, price, amount, gwp, receipt_id) VALUES ('Bio Avocado', 2, 1, 7.85, 354);
INSERT INTO receipts (receipt_id, upload_week, user_id) VALUES (355, 35, 6);
INSERT INTO items (name, price, amount, gwp, receipt_id) VALUES ('Protein-Stick', 20, 1, 85.32, 355);
INSERT INTO items (name, price, amount, gwp, receipt_id) VALUES ('Reisgetränk', 15, 1, 70.21, 355);
INSERT INTO items (name, price, amount, gwp, receipt_id) VALUES ('Protein-Stick', 17, 1, 49.04, 355);
INSERT INTO receipts (receipt_id, upload_week, user_id) VALUES (356, 35, 7);
INSERT INTO items (name, price, amount, gwp, receipt_id) VALUES ('Oliven', 15, 1, 79.03, 356);
INSERT INTO items (name, price, amount, gwp, receipt_id) VALUES ('Bio Avocado', 11, 1, 8.18, 356);
INSERT INTO items (name, price, amount, gwp, receipt_id) VALUES ('Protein-Stick', 3, 1, 58.49, 356);
INSERT INTO receipts (receipt_id, upload_week, user_id) VALUES (357, 35, 9);
INSERT INTO items (name, price, amount, gwp, receipt_id) VALUES ('Schnitzel', 13, 1, 69.10, 357);
INSERT INTO items (name, price, amount, gwp, receipt_id) VALUES ('Schnitzel', 0, 1, 28.35, 357);
INSERT INTO items (name, price, amount, gwp, receipt_id) VALUES ('Schnitzel', 3, 1, 11.07, 357);
INSERT INTO receipts (receipt_id, upload_week, user_id) VALUES (358, 35, 10);
INSERT INTO items (name, price, amount, gwp, receipt_id) VALUES ('Protein-Stick', 8, 1, 30.79, 358);
INSERT INTO items (name, price, amount, gwp, receipt_id) VALUES ('Tomaten', 4, 1, 54.38, 358);
INSERT INTO items (name, price, amount, gwp, receipt_id) VALUES ('Protein-Stick', 7, 1, 66.39, 358);
INSERT INTO receipts (receipt_id, upload_week, user_id) VALUES (359, 35, 5);
INSERT INTO items (name, price, amount, gwp, receipt_id) VALUES ('Schnitzel', 2, 1, 66.31, 359);
INSERT INTO items (name, price, amount, gwp, receipt_id) VALUES ('Reisgetränk', 6, 1, 61.67, 359);
INSERT INTO items (name, price, amount, gwp, receipt_id) VALUES ('Protein-Stick', 19, 1, 23.34, 359);
INSERT INTO receipts (receipt_id, upload_week, user_id) VALUES (360, 35, 2);
INSERT INTO items (name, price, amount, gwp, receipt_id) VALUES ('Schnitzel', 6, 1, 31.92, 360);
INSERT INTO items (name, price, amount, gwp, receipt_id) VALUES ('Oliven', 0, 1, 21.65, 360);
INSERT INTO items (name, price, amount, gwp, receipt_id) VALUES ('Protein-Stick', 7, 1, 18.22, 360);
INSERT INTO receipts (receipt_id, upload_week, user_id) VALUES (361, 35, 1);
INSERT INTO items (name, price, amount, gwp, receipt_id) VALUES ('Protein-Stick', 1, 1, 37.22, 361);
INSERT INTO items (name, price, amount, gwp, receipt_id) VALUES ('Oliven', 3, 1, 72.23, 361);
INSERT INTO items (name, price, amount, gwp, receipt_id) VALUES ('Tomaten', 19, 1, 32.74, 361);
INSERT INTO receipts (receipt_id, upload_week, user_id) VALUES (362, 36, 10);
INSERT INTO items (name, price, amount, gwp, receipt_id) VALUES ('Oliven', 14, 1, 23.78, 362);
INSERT INTO items (name, price, amount, gwp, receipt_id) VALUES ('Schnitzel', 19, 1, 43.12, 362);
INSERT INTO items (name, price, amount, gwp, receipt_id) VALUES ('Tomaten', 16, 1, 39.89, 362);
INSERT INTO receipts (receipt_id, upload_week, user_id) VALUES (363, 36, 2);
INSERT INTO items (name, price, amount, gwp, receipt_id) VALUES ('Bio Avocado', 6, 1, 41.83, 363);
INSERT INTO items (name, price, amount, gwp, receipt_id) VALUES ('Protein-Stick', 11, 1, 35.12, 363);
INSERT INTO items (name, price, amount, gwp, receipt_id) VALUES ('Schnitzel', 13, 1, 50.65, 363);
INSERT INTO receipts (receipt_id, upload_week, user_id) VALUES (364, 36, 9);
INSERT INTO items (name, price, amount, gwp, receipt_id) VALUES ('Bio Avocado', 0, 1, 72.21, 364);
INSERT INTO items (name, price, amount, gwp, receipt_id) VALUES ('Bio Avocado', 5, 1, 73.29, 364);
INSERT INTO items (name, price, amount, gwp, receipt_id) VALUES ('Protein-Stick', 18, 1, 23.58, 364);
INSERT INTO receipts (receipt_id, upload_week, user_id) VALUES (365, 36, 2);
INSERT INTO items (name, price, amount, gwp, receipt_id) VALUES ('Schnitzel', 14, 1, 1.87, 365);
INSERT INTO items (name, price, amount, gwp, receipt_id) VALUES ('Tomaten', 6, 1, 6.24, 365);
INSERT INTO items (name, price, amount, gwp, receipt_id) VALUES ('Bio Avocado', 13, 1, 72.29, 365);
INSERT INTO receipts (receipt_id, upload_week, user_id) VALUES (366, 36, 8);
INSERT INTO items (name, price, amount, gwp, receipt_id) VALUES ('Tomaten', 17, 1, 31.28, 366);
INSERT INTO items (name, price, amount, gwp, receipt_id) VALUES ('Reisgetränk', 9, 1, 23.51, 366);
INSERT INTO items (name, price, amount, gwp, receipt_id) VALUES ('Schnitzel', 2, 1, 19.29, 366);
INSERT INTO receipts (receipt_id, upload_week, user_id) VALUES (367, 36, 2);
INSERT INTO items (name, price, amount, gwp, receipt_id) VALUES ('Protein-Stick', 7, 1, 24.93, 367);
INSERT INTO items (name, price, amount, gwp, receipt_id) VALUES ('Oliven', 14, 1, 54.10, 367);
INSERT INTO items (name, price, amount, gwp, receipt_id) VALUES ('Schnitzel', 11, 1, 76.53, 367);
INSERT INTO receipts (receipt_id, upload_week, user_id) VALUES (368, 36, 3);
INSERT INTO items (name, price, amount, gwp, receipt_id) VALUES ('Bio Avocado', 6, 1, 12.72, 368);
INSERT INTO items (name, price, amount, gwp, receipt_id) VALUES ('Reisgetränk', 2, 1, 61.68, 368);
INSERT INTO items (name, price, amount, gwp, receipt_id) VALUES ('Schnitzel', 1, 1, 40.49, 368);
INSERT INTO receipts (receipt_id, upload_week, user_id) VALUES (369, 36, 10);
INSERT INTO items (name, price, amount, gwp, receipt_id) VALUES ('Schnitzel', 12, 1, 42.62, 369);
INSERT INTO items (name, price, amount, gwp, receipt_id) VALUES ('Tomaten', 12, 1, 7.35, 369);
INSERT INTO items (name, price, amount, gwp, receipt_id) VALUES ('Reisgetränk', 4, 1, 87.09, 369);
INSERT INTO receipts (receipt_id, upload_week, user_id) VALUES (370, 36, 4);
INSERT INTO items (name, price, amount, gwp, receipt_id) VALUES ('Reisgetränk', 16, 1, 55.81, 370);
INSERT INTO items (name, price, amount, gwp, receipt_id) VALUES ('Oliven', 18, 1, 10.56, 370);
INSERT INTO items (name, price, amount, gwp, receipt_id) VALUES ('Schnitzel', 11, 1, 75.89, 370);
INSERT INTO receipts (receipt_id, upload_week, user_id) VALUES (371, 36, 8);
INSERT INTO items (name, price, amount, gwp, receipt_id) VALUES ('Reisgetränk', 4, 1, 41.34, 371);
INSERT INTO items (name, price, amount, gwp, receipt_id) VALUES ('Oliven', 5, 1, 26.86, 371);
INSERT INTO items (name, price, amount, gwp, receipt_id) VALUES ('Reisgetränk', 9, 1, 47.29, 371);
INSERT INTO receipts (receipt_id, upload_week, user_id) VALUES (372, 36, 1);
INSERT INTO items (name, price, amount, gwp, receipt_id) VALUES ('Reisgetränk', 7, 1, 64.71, 372);
INSERT INTO items (name, price, amount, gwp, receipt_id) VALUES ('Reisgetränk', 3, 1, 55.90, 372);
INSERT INTO items (name, price, amount, gwp, receipt_id) VALUES ('Oliven', 12, 1, 19.33, 372);
INSERT INTO receipts (receipt_id, upload_week, user_id) VALUES (373, 37, 9);
INSERT INTO items (name, price, amount, gwp, receipt_id) VALUES ('Protein-Stick', 0, 1, 49.90, 373);
INSERT INTO items (name, price, amount, gwp, receipt_id) VALUES ('Protein-Stick', 0, 1, 59.18, 373);
INSERT INTO items (name, price, amount, gwp, receipt_id) VALUES ('Reisgetränk', 6, 1, 53.73, 373);
INSERT INTO receipts (receipt_id, upload_week, user_id) VALUES (374, 37, 4);
INSERT INTO items (name, price, amount, gwp, receipt_id) VALUES ('Protein-Stick', 10, 1, 28.75, 374);
INSERT INTO items (name, price, amount, gwp, receipt_id) VALUES ('Schnitzel', 2, 1, 43.80, 374);
INSERT INTO items (name, price, amount, gwp, receipt_id) VALUES ('Schnitzel', 11, 1, 2.62, 374);
INSERT INTO receipts (receipt_id, upload_week, user_id) VALUES (375, 37, 8);
INSERT INTO items (name, price, amount, gwp, receipt_id) VALUES ('Oliven', 5, 1, 34.55, 375);
INSERT INTO items (name, price, amount, gwp, receipt_id) VALUES ('Protein-Stick', 8, 1, 89.24, 375);
INSERT INTO items (name, price, amount, gwp, receipt_id) VALUES ('Reisgetränk', 11, 1, 39.18, 375);
INSERT INTO receipts (receipt_id, upload_week, user_id) VALUES (376, 37, 10);
INSERT INTO items (name, price, amount, gwp, receipt_id) VALUES ('Oliven', 20, 1, 63.48, 376);
INSERT INTO items (name, price, amount, gwp, receipt_id) VALUES ('Tomaten', 14, 1, 35.45, 376);
INSERT INTO items (name, price, amount, gwp, receipt_id) VALUES ('Protein-Stick', 5, 1, 31.64, 376);
INSERT INTO receipts (receipt_id, upload_week, user_id) VALUES (377, 37, 9);
INSERT INTO items (name, price, amount, gwp, receipt_id) VALUES ('Schnitzel', 20, 1, 86.04, 377);
INSERT INTO items (name, price, amount, gwp, receipt_id) VALUES ('Oliven', 8, 1, 53.85, 377);
INSERT INTO items (name, price, amount, gwp, receipt_id) VALUES ('Bio Avocado', 10, 1, 77.12, 377);
INSERT INTO receipts (receipt_id, upload_week, user_id) VALUES (378, 37, 9);
INSERT INTO items (name, price, amount, gwp, receipt_id) VALUES ('Oliven', 1, 1, 42.42, 378);
INSERT INTO items (name, price, amount, gwp, receipt_id) VALUES ('Protein-Stick', 20, 1, 50.43, 378);
INSERT INTO items (name, price, amount, gwp, receipt_id) VALUES ('Protein-Stick', 11, 1, 70.09, 378);
INSERT INTO receipts (receipt_id, upload_week, user_id) VALUES (379, 37, 4);
INSERT INTO items (name, price, amount, gwp, receipt_id) VALUES ('Oliven', 7, 1, 17.66, 379);
INSERT INTO items (name, price, amount, gwp, receipt_id) VALUES ('Tomaten', 12, 1, 78.38, 379);
INSERT INTO items (name, price, amount, gwp, receipt_id) VALUES ('Tomaten', 1, 1, 45.50, 379);
INSERT INTO receipts (receipt_id, upload_week, user_id) VALUES (380, 37, 3);
INSERT INTO items (name, price, amount, gwp, receipt_id) VALUES ('Schnitzel', 16, 1, 41.63, 380);
INSERT INTO items (name, price, amount, gwp, receipt_id) VALUES ('Schnitzel', 8, 1, 84.59, 380);
INSERT INTO items (name, price, amount, gwp, receipt_id) VALUES ('Protein-Stick', 4, 1, 84.04, 380);
INSERT INTO receipts (receipt_id, upload_week, user_id) VALUES (381, 37, 10);
INSERT INTO items (name, price, amount, gwp, receipt_id) VALUES ('Schnitzel', 8, 1, 49.82, 381);
INSERT INTO items (name, price, amount, gwp, receipt_id) VALUES ('Tomaten', 18, 1, 27.85, 381);
INSERT INTO items (name, price, amount, gwp, receipt_id) VALUES ('Bio Avocado', 11, 1, 45.91, 381);
INSERT INTO receipts (receipt_id, upload_week, user_id) VALUES (382, 37, 1);
INSERT INTO items (name, price, amount, gwp, receipt_id) VALUES ('Schnitzel', 5, 1, 48.74, 382);
INSERT INTO items (name, price, amount, gwp, receipt_id) VALUES ('Bio Avocado', 18, 1, 67.49, 382);
INSERT INTO items (name, price, amount, gwp, receipt_id) VALUES ('Oliven', 12, 1, 26.15, 382);
